filename,width,height,class,xmin,ymin,xmax,ymax
1305121398-0001-R_S.jpg,2592,1944,parasite,919,887,994,953
1305121398-0001-R_S.jpg,2592,1944,parasite,1246,1498,1351,1610
1305121398-0001-R_S.jpg,2592,1944,parasite,1718,310,1788,393
1305121398-0003-R.jpg,2592,1944,parasite,1231,850,1319,936
1305121398-0004-R.jpg,2592,1944,parasite,814,1080,881,1152
1305121398-0004-R.jpg,2592,1944,parasite,1894,1376,1985,1452
1305121398-0005-T.jpg,2592,1944,parasite,1225,1057,1333,1148
1305121398-0006-R.jpg,2592,1944,parasite,1123,1015,1212,1098
1305121398-0007-R.jpg,2592,1944,parasite,1324,1543,1326,1544
1305121398-0007-R.jpg,2592,1944,parasite,1326,1498,1414,1582
1305121398-0008-R.jpg,2592,1944,parasite,1290,1152,1385,1249
1305121398-0008-R.jpg,2592,1944,parasite,1383,1161,1385,1163
1305121398-0010-S.jpg,2592,1944,parasite,1199,1129,1320,1232
1305121398-0011-S.jpg,2592,1944,parasite,1173,953,1282,1053
1305121398-0011-S.jpg,2592,1944,parasite,1283,1025,1285,1026
1305121398-0012-S.jpg,2592,1944,parasite,1182,927,1263,1068
1305121398-0013-S.jpg,2592,1944,parasite,1108,1223,1110,1224
1305121398-0013-S.jpg,2592,1944,parasite,1111,1147,1220,1261
1305121398-0013-S.jpg,2592,1944,parasite,1124,1161,1126,1162
1305121398-0014-S.jpg,2592,1944,parasite,1095,1051,1205,1165
1305121398-0015-S.jpg,2592,1944,parasite,838,1077,971,1202
1305121398-0015-S.jpg,2592,1944,parasite,844,1159,846,1160
1305121398-0016-T.jpg,2592,1944,parasite,1173,1130,1282,1243
1305121398-0016-T.jpg,2592,1944,parasite,1185,1146,1187,1147
1305121398-0017-R.jpg,2592,1944,parasite,1136,1087,1205,1156
1305121398-0018-S.jpg,2592,1944,parasite,1052,931,1171,1050
1305121398-0019-R.jpg,2592,1944,parasite,1089,970,1253,1123
1305121398-0019-R.jpg,2592,1944,parasite,1092,1087,1094,1088
1305121398-0020-S.jpg,2592,1944,parasite,1055,1004,1157,1106
1305121398-0021-S.jpg,2592,1944,parasite,1066,1034,1211,1207
1305121398-0022-S.jpg,2592,1944,parasite,1112,938,1216,1054
1307210661-0001-R.jpg,2592,1944,parasite,20,1239,68,1293
1307210661-0001-R.jpg,2592,1944,parasite,169,1431,267,1496
1307210661-0001-R.jpg,2592,1944,parasite,221,1906,286,1944
1307210661-0001-R.jpg,2592,1944,parasite,281,1766,354,1835
1307210661-0001-R.jpg,2592,1944,parasite,314,1483,382,1544
1307210661-0001-R.jpg,2592,1944,parasite,388,1750,445,1803
1307210661-0001-R.jpg,2592,1944,parasite,474,1521,537,1578
1307210661-0001-R.jpg,2592,1944,parasite,481,1162,556,1234
1307210661-0001-R.jpg,2592,1944,parasite,748,1241,818,1307
1307210661-0001-R.jpg,2592,1944,parasite,804,1527,806,1528
1307210661-0001-R.jpg,2592,1944,parasite,804,1729,806,1730
1307210661-0001-R.jpg,2592,1944,parasite,807,1483,859,1558
1307210661-0001-R.jpg,2592,1944,parasite,807,1715,874,1771
1307210661-0001-R.jpg,2592,1944,parasite,815,599,859,661
1307210661-0001-R.jpg,2592,1944,parasite,819,1287,821,1288
1307210661-0001-R.jpg,2592,1944,parasite,863,765,932,824
1307210661-0001-R.jpg,2592,1944,parasite,875,1751,877,1752
1307210661-0001-R.jpg,2592,1944,parasite,893,1252,959,1315
1307210661-0001-R.jpg,2592,1944,parasite,924,607,926,608
1307210661-0001-R.jpg,2592,1944,parasite,925,577,992,634
1307210661-0001-R.jpg,2592,1944,parasite,1019,1382,1079,1436
1307210661-0001-R.jpg,2592,1944,parasite,1036,1217,1092,1283
1307210661-0001-R.jpg,2592,1944,parasite,1108,1097,1110,1098
1307210661-0001-R.jpg,2592,1944,parasite,1110,1088,1174,1144
1307210661-0001-R.jpg,2592,1944,parasite,1265,1215,1267,1218
1307210661-0001-R.jpg,2592,1944,parasite,1268,1185,1332,1252
1307210661-0001-R.jpg,2592,1944,parasite,1369,745,1447,798
1307210661-0001-R.jpg,2592,1944,parasite,1579,363,1643,423
1307210661-0001-R.jpg,2592,1944,parasite,1707,1602,1771,1658
1307210661-0001-R.jpg,2592,1944,parasite,1733,987,1786,1043
1307210661-0001-R.jpg,2592,1944,parasite,1755,1225,1811,1283
1307210661-0001-R.jpg,2592,1944,parasite,1787,1009,1789,1010
1307210661-0001-R.jpg,2592,1944,parasite,1869,1447,1937,1520
1307210661-0001-R.jpg,2592,1944,parasite,1871,1127,1930,1197
1307210661-0001-R.jpg,2592,1944,parasite,1931,1153,1933,1154
1307210661-0001-R.jpg,2592,1944,parasite,1931,1167,1933,1168
1307210661-0001-R.jpg,2592,1944,parasite,1939,933,2011,990
1307210661-0001-R.jpg,2592,1944,parasite,1953,58,2031,113
1307210661-0001-R.jpg,2592,1944,parasite,1975,57,1976,59
1307210661-0001-R.jpg,2592,1944,parasite,2075,1459,2151,1531
1307210661-0001-R.jpg,2592,1944,parasite,2113,1775,2175,1841
1307210661-0001-R.jpg,2592,1944,parasite,2123,620,2180,675
1307210661-0002-R.jpg,2592,1944,parasite,1,434,60,497
1307210661-0002-R.jpg,2592,1944,parasite,189,27,274,107
1307210661-0002-R.jpg,2592,1944,parasite,417,1615,495,1666
1307210661-0002-R.jpg,2592,1944,parasite,468,1317,520,1370
1307210661-0002-R.jpg,2592,1944,parasite,530,879,604,950
1307210661-0002-R.jpg,2592,1944,parasite,753,680,807,726
1307210661-0002-R.jpg,2592,1944,parasite,765,1,825,46
1307210661-0002-R.jpg,2592,1944,parasite,829,1000,910,1043
1307210661-0002-R.jpg,2592,1944,parasite,910,1719,981,1758
1307210661-0002-R.jpg,2592,1944,parasite,923,404,966,482
1307210661-0002-R.jpg,2592,1944,parasite,956,679,1021,740
1307210661-0002-R.jpg,2592,1944,parasite,967,471,968,473
1307210661-0002-R.jpg,2592,1944,parasite,1182,333,1234,395
1307210661-0002-R.jpg,2592,1944,parasite,1188,1763,1239,1817
1307210661-0002-R.jpg,2592,1944,parasite,1195,899,1260,976
1307210661-0002-R.jpg,2592,1944,parasite,1235,375,1237,376
1307210661-0002-R.jpg,2592,1944,parasite,1259,943,1261,944
1307210661-0002-R.jpg,2592,1944,parasite,1297,1201,1372,1260
1307210661-0002-R.jpg,2592,1944,parasite,1345,113,1424,187
1307210661-0002-R.jpg,2592,1944,parasite,1504,1,1575,23
1307210661-0002-R.jpg,2592,1944,parasite,1582,1646,1643,1700
1307210661-0002-R.jpg,2592,1944,parasite,1594,1387,1669,1448
1307210661-0002-R.jpg,2592,1944,parasite,1596,1326,1646,1380
1307210661-0002-R.jpg,2592,1944,parasite,1612,278,1687,339
1307210661-0002-R.jpg,2592,1944,parasite,1756,1015,1758,1016
1307210661-0002-R.jpg,2592,1944,parasite,1759,974,1829,1036
1307210661-0002-R.jpg,2592,1944,parasite,1809,1038,1810,1040
1307210661-0002-R.jpg,2592,1944,parasite,1827,137,1903,200
1307210661-0002-R.jpg,2592,1944,parasite,2032,1724,2096,1790
1307210661-0002-R.jpg,2592,1944,parasite,2283,1666,2348,1718
1307210661-0002-R.jpg,2592,1944,parasite,2357,846,2425,902
1307210661-0002-R.jpg,2592,1944,parasite,2409,902,2410,904
1307210661-0002-R.jpg,2592,1944,parasite,2481,960,2570,1043
1307210661-0002-R.jpg,2592,1944,parasite,2503,985,2504,987
1307210661-0003-R.jpg,2592,1944,parasite,101,46,187,108
1307210661-0003-R.jpg,2592,1944,parasite,292,777,294,778
1307210661-0003-R.jpg,2592,1944,parasite,294,762,373,831
1307210661-0003-R.jpg,2592,1944,parasite,311,763,313,765
1307210661-0003-R.jpg,2592,1944,parasite,419,190,492,271
1307210661-0003-R.jpg,2592,1944,parasite,461,1254,530,1326
1307210661-0003-R.jpg,2592,1944,parasite,531,1289,533,1290
1307210661-0003-R.jpg,2592,1944,parasite,554,1198,611,1269
1307210661-0003-R.jpg,2592,1944,parasite,677,799,743,869
1307210661-0003-R.jpg,2592,1944,parasite,705,1717,767,1778
1307210661-0003-R.jpg,2592,1944,parasite,763,791,840,853
1307210661-0003-R.jpg,2592,1944,parasite,776,1447,836,1512
1307210661-0003-R.jpg,2592,1944,parasite,778,1052,863,1109
1307210661-0003-R.jpg,2592,1944,parasite,836,748,909,822
1307210661-0003-R.jpg,2592,1944,parasite,1005,1334,1067,1409
1307210661-0003-R.jpg,2592,1944,parasite,1213,1221,1288,1279
1307210661-0003-R.jpg,2592,1944,parasite,1216,1715,1310,1779
1307210661-0003-R.jpg,2592,1944,parasite,1286,542,1354,607
1307210661-0003-R.jpg,2592,1944,parasite,1311,1767,1312,1769
1307210661-0003-R.jpg,2592,1944,parasite,1312,607,1314,608
1307210661-0003-R.jpg,2592,1944,parasite,1323,1234,1381,1299
1307210661-0003-R.jpg,2592,1944,parasite,1379,1249,1381,1250
1307210661-0003-R.jpg,2592,1944,parasite,1421,993,1506,1067
1307210661-0003-R.jpg,2592,1944,parasite,1481,1062,1482,1064
1307210661-0003-R.jpg,2592,1944,parasite,1507,1017,1509,1018
1307210661-0003-R.jpg,2592,1944,parasite,1531,1284,1603,1364
1307210661-0003-R.jpg,2592,1944,parasite,1537,1343,1538,1345
1307210661-0003-R.jpg,2592,1944,parasite,1582,829,1633,903
1307210661-0003-R.jpg,2592,1944,parasite,1670,161,1737,231
1307210661-0003-R.jpg,2592,1944,parasite,1713,161,1714,163
1307210661-0003-R.jpg,2592,1944,parasite,1740,1105,1742,1106
1307210661-0003-R.jpg,2592,1944,parasite,1740,1127,1742,1128
1307210661-0003-R.jpg,2592,1944,parasite,1743,1097,1805,1172
1307210661-0003-R.jpg,2592,1944,parasite,1793,1174,1794,1176
1307210661-0003-R.jpg,2592,1944,parasite,2010,1168,2078,1227
1307210661-0003-R.jpg,2592,1944,parasite,2156,671,2158,672
1307210661-0003-R.jpg,2592,1944,parasite,2159,618,2233,712
1307210661-0003-R.jpg,2592,1944,parasite,2169,695,2171,698
1307210661-0003-R.jpg,2592,1944,parasite,2189,175,2261,251
1307210661-0003-R.jpg,2592,1944,parasite,2244,1135,2246,1136
1307210661-0003-R.jpg,2592,1944,parasite,2245,1094,2299,1149
1307210661-0003-R.jpg,2592,1944,parasite,2246,1279,2302,1368
1307210661-0003-R.jpg,2592,1944,parasite,2270,305,2350,377
1307210661-0003-R.jpg,2592,1944,parasite,2277,1798,2341,1887
1307210661-0003-R.jpg,2592,1944,parasite,2290,1022,2374,1127
1307210661-0003-R.jpg,2592,1944,parasite,2332,1095,2334,1096
1307210661-0003-R.jpg,2592,1944,parasite,2371,972,2447,1045
1307210661-0004-R.jpg,2592,1944,parasite,260,472,330,536
1307210661-0004-R.jpg,2592,1944,parasite,282,70,356,143
1307210661-0004-R.jpg,2592,1944,parasite,489,1198,537,1268
1307210661-0004-R.jpg,2592,1944,parasite,521,1270,522,1272
1307210661-0004-R.jpg,2592,1944,parasite,582,69,653,135
1307210661-0004-R.jpg,2592,1944,parasite,594,298,671,351
1307210661-0004-R.jpg,2592,1944,parasite,619,1273,690,1324
1307210661-0004-R.jpg,2592,1944,parasite,691,1,761,48
1307210661-0004-R.jpg,2592,1944,parasite,795,400,843,470
1307210661-0004-R.jpg,2592,1944,parasite,828,1734,899,1779
1307210661-0004-R.jpg,2592,1944,parasite,883,1414,939,1481
1307210661-0004-R.jpg,2592,1944,parasite,894,1277,950,1344
1307210661-0004-R.jpg,2592,1944,parasite,898,402,960,460
1307210661-0004-R.jpg,2592,1944,parasite,909,304,963,378
1307210661-0004-R.jpg,2592,1944,parasite,933,206,993,292
1307210661-0004-R.jpg,2592,1944,parasite,981,322,1041,378
1307210661-0004-R.jpg,2592,1944,parasite,1065,720,1142,768
1307210661-0004-R.jpg,2592,1944,parasite,1080,1024,1146,1094
1307210661-0004-R.jpg,2592,1944,parasite,1096,288,1143,350
1307210661-0004-R.jpg,2592,1944,parasite,1138,395,1206,476
1307210661-0004-R.jpg,2592,1944,parasite,1147,1071,1149,1072
1307210661-0004-R.jpg,2592,1944,parasite,1164,1730,1223,1794
1307210661-0004-R.jpg,2592,1944,parasite,1172,1687,1174,1688
1307210661-0004-R.jpg,2592,1944,parasite,1175,1647,1232,1709
1307210661-0004-R.jpg,2592,1944,parasite,1260,561,1262,562
1307210661-0004-R.jpg,2592,1944,parasite,1261,545,1315,612
1307210661-0004-R.jpg,2592,1944,parasite,1315,561,1317,562
1307210661-0004-R.jpg,2592,1944,parasite,1460,1257,1520,1326
1307210661-0004-R.jpg,2592,1944,parasite,1515,247,1580,315
1307210661-0004-R.jpg,2592,1944,parasite,1554,1034,1612,1086
1307210661-0004-R.jpg,2592,1944,parasite,1677,1349,1731,1405
1307210661-0004-R.jpg,2592,1944,parasite,1800,1105,1893,1224
1307210661-0004-R.jpg,2592,1944,parasite,1804,1714,1854,1779
1307210661-0004-R.jpg,2592,1944,parasite,1832,1167,1833,1169
1307210661-0004-R.jpg,2592,1944,parasite,1858,792,1962,845
1307210661-0004-R.jpg,2592,1944,parasite,1971,1062,2036,1113
1307210661-0004-R.jpg,2592,1944,parasite,1995,1535,2063,1593
1307210661-0004-R.jpg,2592,1944,parasite,2008,1591,2010,1592
1307210661-0004-R.jpg,2592,1944,parasite,2055,1582,2057,1584
1307210661-0004-R.jpg,2592,1944,parasite,2319,1114,2376,1176
1307210661-0004-R.jpg,2592,1944,parasite,2329,210,2393,287
1307210661-0004-R.jpg,2592,1944,parasite,2367,1121,2369,1122
1307210661-0005-R.jpg,2592,1944,parasite,17,409,93,485
1307210661-0005-R.jpg,2592,1944,parasite,141,1195,204,1251
1307210661-0005-R.jpg,2592,1944,parasite,203,1239,205,1240
1307210661-0005-R.jpg,2592,1944,parasite,376,1547,441,1602
1307210661-0005-R.jpg,2592,1944,parasite,399,1545,401,1547
1307210661-0005-R.jpg,2592,1944,parasite,649,1358,723,1423
1307210661-0005-R.jpg,2592,1944,parasite,677,1844,738,1903
1307210661-0005-R.jpg,2592,1944,parasite,739,1879,741,1880
1307210661-0005-R.jpg,2592,1944,parasite,740,761,742,762
1307210661-0005-R.jpg,2592,1944,parasite,743,755,799,835
1307210661-0005-R.jpg,2592,1944,parasite,775,836,777,837
1307210661-0005-R.jpg,2592,1944,parasite,828,1,911,48
1307210661-0005-R.jpg,2592,1944,parasite,942,1201,1005,1272
1307210661-0005-R.jpg,2592,1944,parasite,969,11,1049,91
1307210661-0005-R.jpg,2592,1944,parasite,985,1201,986,1203
1307210661-0005-R.jpg,2592,1944,parasite,1004,1679,1071,1749
1307210661-0005-R.jpg,2592,1944,parasite,1060,691,1113,747
1307210661-0005-R.jpg,2592,1944,parasite,1071,1274,1147,1333
1307210661-0005-R.jpg,2592,1944,parasite,1073,626,1149,681
1307210661-0005-R.jpg,2592,1944,parasite,1285,203,1352,267
1307210661-0005-R.jpg,2592,1944,parasite,1329,690,1397,751
1307210661-0005-R.jpg,2592,1944,parasite,1366,1571,1435,1620
1307210661-0005-R.jpg,2592,1944,parasite,1443,308,1522,355
1307210661-0005-R.jpg,2592,1944,parasite,1615,822,1679,888
1307210661-0005-R.jpg,2592,1944,parasite,1644,729,1646,730
1307210661-0005-R.jpg,2592,1944,parasite,1647,714,1726,767
1307210661-0005-R.jpg,2592,1944,parasite,1687,1360,1759,1432
1307210661-0005-R.jpg,2592,1944,parasite,1717,1031,1794,1091
1307210661-0005-R.jpg,2592,1944,parasite,1772,1294,1820,1345
1307210661-0005-R.jpg,2592,1944,parasite,1788,1169,1790,1170
1307210661-0005-R.jpg,2592,1944,parasite,1790,1150,1849,1203
1307210661-0005-R.jpg,2592,1944,parasite,1795,1057,1797,1058
1307210661-0005-R.jpg,2592,1944,parasite,2062,1351,2136,1429
1307210661-0005-R.jpg,2592,1944,parasite,2110,1177,2178,1243
1307210661-0005-R.jpg,2592,1944,parasite,2179,1223,2181,1224
1307210661-0005-R.jpg,2592,1944,parasite,2354,825,2414,894
1307210661-0005-R.jpg,2592,1944,parasite,2380,273,2382,274
1307210661-0005-R.jpg,2592,1944,parasite,2383,236,2456,304
1307210661-0005-R.jpg,2592,1944,parasite,2505,825,2570,899
1307210661-0005-R.jpg,2592,1944,parasite,2531,1565,2592,1645
1307210661-0005-R.jpg,2592,1944,parasite,2571,865,2573,866
1307210661-0005-R.jpg,2592,1944,parasite,2571,879,2573,880
1307210661-0006-R.jpg,2592,1944,parasite,173,1764,246,1836
1307210661-0006-R.jpg,2592,1944,parasite,282,978,351,1049
1307210661-0006-R.jpg,2592,1944,parasite,316,714,396,772
1307210661-0006-R.jpg,2592,1944,parasite,324,799,388,858
1307210661-0006-R.jpg,2592,1944,parasite,440,1287,515,1373
1307210661-0006-R.jpg,2592,1944,parasite,490,841,572,899
1307210661-0006-R.jpg,2592,1944,parasite,595,1778,666,1848
1307210661-0006-R.jpg,2592,1944,parasite,763,1833,821,1895
1307210661-0006-R.jpg,2592,1944,parasite,774,564,864,654
1307210661-0006-R.jpg,2592,1944,parasite,813,1335,888,1398
1307210661-0006-R.jpg,2592,1944,parasite,1028,953,1030,954
1307210661-0006-R.jpg,2592,1944,parasite,1028,967,1030,968
1307210661-0006-R.jpg,2592,1944,parasite,1031,939,1098,991
1307210661-0006-R.jpg,2592,1944,parasite,1350,1390,1418,1453
1307210661-0006-R.jpg,2592,1944,parasite,1377,1057,1442,1128
1307210661-0006-R.jpg,2592,1944,parasite,1380,981,1449,1055
1307210661-0006-R.jpg,2592,1944,parasite,1741,1140,1806,1207
1307210661-0006-R.jpg,2592,1944,parasite,1819,1774,1883,1852
1307210661-0006-R.jpg,2592,1944,parasite,1855,1772,1857,1773
1307210661-0006-R.jpg,2592,1944,parasite,1947,1728,2024,1808
1307210661-0006-R.jpg,2592,1944,parasite,2097,211,2158,266
1307210661-0006-R.jpg,2592,1944,parasite,2108,1327,2110,1328
1307210661-0006-R.jpg,2592,1944,parasite,2111,1287,2194,1347
1307210661-0006-R.jpg,2592,1944,parasite,2195,1335,2197,1336
1307210661-0006-R.jpg,2592,1944,parasite,2219,1634,2298,1695
1307210661-0006-R.jpg,2592,1944,parasite,2238,535,2300,593
1307210661-0006-R.jpg,2592,1944,parasite,2299,1649,2301,1650
1307210661-0006-R.jpg,2592,1944,parasite,2317,1368,2367,1445
1307210661-0006-R.jpg,2592,1944,parasite,2322,417,2403,469
1307210661-0006-R.jpg,2592,1944,parasite,2361,1274,2421,1332
1307210661-0006-R.jpg,2592,1944,parasite,2434,138,2484,214
1307210661-0006-R.jpg,2592,1944,parasite,2472,1177,2532,1235
1307210661-0007-R.jpg,2592,1944,parasite,30,259,96,321
1307210661-0007-R.jpg,2592,1944,parasite,57,932,123,999
1307210661-0007-R.jpg,2592,1944,parasite,80,929,82,930
1307210661-0007-R.jpg,2592,1944,parasite,108,1327,110,1328
1307210661-0007-R.jpg,2592,1944,parasite,109,1281,174,1349
1307210661-0007-R.jpg,2592,1944,parasite,117,579,195,635
1307210661-0007-R.jpg,2592,1944,parasite,117,1578,180,1659
1307210661-0007-R.jpg,2592,1944,parasite,551,201,606,272
1307210661-0007-R.jpg,2592,1944,parasite,826,1458,897,1531
1307210661-0007-R.jpg,2592,1944,parasite,867,822,941,878
1307210661-0007-R.jpg,2592,1944,parasite,880,879,882,880
1307210661-0007-R.jpg,2592,1944,parasite,881,1231,982,1289
1307210661-0007-R.jpg,2592,1944,parasite,915,856,982,916
1307210661-0007-R.jpg,2592,1944,parasite,916,873,918,874
1307210661-0007-R.jpg,2592,1944,parasite,953,388,1000,449
1307210661-0007-R.jpg,2592,1944,parasite,978,1510,1052,1575
1307210661-0007-R.jpg,2592,1944,parasite,1034,360,1101,416
1307210661-0007-R.jpg,2592,1944,parasite,1154,496,1233,567
1307210661-0007-R.jpg,2592,1944,parasite,1185,99,1246,176
1307210661-0007-R.jpg,2592,1944,parasite,1292,822,1344,870
1307210661-0007-R.jpg,2592,1944,parasite,1348,834,1406,894
1307210661-0007-R.jpg,2592,1944,parasite,1380,1100,1466,1161
1307210661-0007-R.jpg,2592,1944,parasite,1467,1129,1469,1130
1307210661-0007-R.jpg,2592,1944,parasite,1510,1082,1557,1166
1307210661-0007-R.jpg,2592,1944,parasite,1552,1359,1599,1424
1307210661-0007-R.jpg,2592,1944,parasite,1558,1127,1560,1129
1307210661-0007-R.jpg,2592,1944,parasite,1650,804,1705,893
1307210661-0007-R.jpg,2592,1944,parasite,1677,1,1759,30
1307210661-0007-R.jpg,2592,1944,parasite,1709,1754,1788,1795
1307210661-0007-R.jpg,2592,1944,parasite,1783,1782,1785,1784
1307210661-0007-R.jpg,2592,1944,parasite,1838,1233,1900,1313
1307210661-0007-R.jpg,2592,1944,parasite,1844,489,1846,490
1307210661-0007-R.jpg,2592,1944,parasite,1847,472,1908,528
1307210661-0007-R.jpg,2592,1944,parasite,1927,1609,1990,1676
1307210661-0007-R.jpg,2592,1944,parasite,1968,789,2037,856
1307210661-0007-R.jpg,2592,1944,parasite,1991,1663,1992,1665
1307210661-0007-R.jpg,2592,1944,parasite,2043,888,2106,952
1307210661-0007-R.jpg,2592,1944,parasite,2107,897,2109,898
1307210661-0007-R.jpg,2592,1944,parasite,2258,374,2319,443
1307210661-0007-R.jpg,2592,1944,parasite,2265,385,2266,387
1307210661-0007-R.jpg,2592,1944,parasite,2266,1813,2345,1899
1307210661-0007-R.jpg,2592,1944,parasite,2292,618,2352,680
1307210661-0007-R.jpg,2592,1944,parasite,2317,250,2377,325
1307210661-0008-R.jpg,2592,1944,parasite,1,580,31,649
1307210661-0008-R.jpg,2592,1944,parasite,393,1473,481,1559
1307210661-0008-R.jpg,2592,1944,parasite,426,443,488,503
1307210661-0008-R.jpg,2592,1944,parasite,440,1026,502,1080
1307210661-0008-R.jpg,2592,1944,parasite,495,1033,497,1035
1307210661-0008-R.jpg,2592,1944,parasite,702,942,754,991
1307210661-0008-R.jpg,2592,1944,parasite,709,1008,785,1054
1307210661-0008-R.jpg,2592,1944,parasite,725,1485,799,1555
1307210661-0008-R.jpg,2592,1944,parasite,795,1543,797,1544
1307210661-0008-R.jpg,2592,1944,parasite,875,733,928,793
1307210661-0008-R.jpg,2592,1944,parasite,899,390,948,468
1307210661-0008-R.jpg,2592,1944,parasite,972,1417,1137,1551
1307210661-0008-R.jpg,2592,1944,parasite,1023,1042,1086,1107
1307210661-0008-R.jpg,2592,1944,parasite,1028,678,1112,735
1307210661-0008-R.jpg,2592,1944,parasite,1039,718,1040,720
1307210661-0008-R.jpg,2592,1944,parasite,1144,738,1206,803
1307210661-0008-R.jpg,2592,1944,parasite,1171,481,1249,559
1307210661-0008-R.jpg,2592,1944,parasite,1182,1354,1247,1421
1307210661-0008-R.jpg,2592,1944,parasite,1243,1399,1245,1400
1307210661-0008-R.jpg,2592,1944,parasite,1284,1187,1352,1246
1307210661-0008-R.jpg,2592,1944,parasite,1387,1521,1508,1583
1307210661-0008-R.jpg,2592,1944,parasite,1413,1454,1472,1501
1307210661-0008-R.jpg,2592,1944,parasite,1500,397,1557,452
1307210661-0008-R.jpg,2592,1944,parasite,1512,1130,1572,1198
1307210661-0008-R.jpg,2592,1944,parasite,1567,1278,1624,1330
1307210661-0008-R.jpg,2592,1944,parasite,1587,98,1643,154
1307210661-0008-R.jpg,2592,1944,parasite,1602,1129,1656,1189
1307210661-0008-R.jpg,2592,1944,parasite,1606,1695,1659,1779
1307210661-0008-R.jpg,2592,1944,parasite,1659,1767,1661,1768
1307210661-0008-R.jpg,2592,1944,parasite,1680,865,1734,931
1307210661-0008-R.jpg,2592,1944,parasite,1710,295,1781,413
1307210661-0008-R.jpg,2592,1944,parasite,1753,1546,1828,1613
1307210661-0008-R.jpg,2592,1944,parasite,1844,666,1920,720
1307210661-0008-R.jpg,2592,1944,parasite,2059,1682,2164,1752
1307210661-0008-R.jpg,2592,1944,parasite,2339,838,2407,901
1307210661-0009-R.jpg,2592,1944,parasite,347,1890,405,1944
1307210661-0009-R.jpg,2592,1944,parasite,485,230,541,308
1307210661-0009-R.jpg,2592,1944,parasite,532,1687,534,1688
1307210661-0009-R.jpg,2592,1944,parasite,534,1622,598,1696
1307210661-0009-R.jpg,2592,1944,parasite,535,241,537,243
1307210661-0009-R.jpg,2592,1944,parasite,1120,130,1184,187
1307210661-0009-R.jpg,2592,1944,parasite,1121,1449,1173,1515
1307210661-0009-R.jpg,2592,1944,parasite,1149,211,1204,264
1307210661-0009-R.jpg,2592,1944,parasite,1266,1865,1326,1924
1307210661-0009-R.jpg,2592,1944,parasite,1461,249,1526,317
1307210661-0009-R.jpg,2592,1944,parasite,1527,272,1528,274
1307210661-0009-R.jpg,2592,1944,parasite,1905,380,1974,449
1307210661-0009-R.jpg,2592,1944,parasite,2204,1047,2206,1048
1307210661-0009-R.jpg,2592,1944,parasite,2207,1001,2264,1067
1307210661-0009-R.jpg,2592,1944,parasite,2269,1345,2341,1424
1307210661-0009-R.jpg,2592,1944,parasite,2328,1768,2404,1839
1307210661-0009-R.jpg,2592,1944,parasite,2384,1839,2386,1840
1307210661-0009-R.jpg,2592,1944,parasite,2547,307,2592,375
1307210661-0009-R.jpg,2592,1944,parasite,2548,351,2550,352
1307210661-0010-R.jpg,2592,1944,parasite,54,952,118,999
1307210661-0010-R.jpg,2592,1944,parasite,105,688,153,775
1307210661-0010-R.jpg,2592,1944,parasite,147,697,149,698
1307210661-0010-R.jpg,2592,1944,parasite,159,1439,223,1557
1307210661-0010-R.jpg,2592,1944,parasite,174,264,237,317
1307210661-0010-R.jpg,2592,1944,parasite,500,1063,502,1064
1307210661-0010-R.jpg,2592,1944,parasite,503,1026,550,1080
1307210661-0010-R.jpg,2592,1944,parasite,568,1169,621,1229
1307210661-0010-R.jpg,2592,1944,parasite,613,1485,674,1576
1307210661-0010-R.jpg,2592,1944,parasite,623,561,681,616
1307210661-0010-R.jpg,2592,1944,parasite,675,1527,677,1528
1307210661-0010-R.jpg,2592,1944,parasite,692,1325,811,1376
1307210661-0010-R.jpg,2592,1944,parasite,694,1221,756,1278
1307210661-0010-R.jpg,2592,1944,parasite,737,1572,806,1621
1307210661-0010-R.jpg,2592,1944,parasite,908,1527,910,1528
1307210661-0010-R.jpg,2592,1944,parasite,910,1483,994,1543
1307210661-0010-R.jpg,2592,1944,parasite,945,942,1007,1013
1307210661-0010-R.jpg,2592,1944,parasite,954,1889,1031,1944
1307210661-0010-R.jpg,2592,1944,parasite,981,678,1056,734
1307210661-0010-R.jpg,2592,1944,parasite,1010,601,1099,657
1307210661-0010-R.jpg,2592,1944,parasite,1114,729,1194,792
1307210661-0010-R.jpg,2592,1944,parasite,1128,791,1130,792
1307210661-0010-R.jpg,2592,1944,parasite,1139,830,1217,893
1307210661-0010-R.jpg,2592,1944,parasite,1195,753,1197,754
1307210661-0010-R.jpg,2592,1944,parasite,1364,785,1431,848
1307210661-0010-R.jpg,2592,1944,parasite,1389,1326,1452,1383
1307210661-0010-R.jpg,2592,1944,parasite,1428,253,1488,321
1307210661-0010-R.jpg,2592,1944,parasite,1458,1288,1590,1368
1307210661-0010-R.jpg,2592,1944,parasite,1493,1406,1548,1465
1307210661-0010-R.jpg,2592,1944,parasite,1604,1292,1658,1342
1307210661-0010-R.jpg,2592,1944,parasite,1622,176,1685,254
1307210661-0010-R.jpg,2592,1944,parasite,1625,915,1703,975
1307210661-0010-R.jpg,2592,1944,parasite,1659,1319,1661,1320
1307210661-0010-R.jpg,2592,1944,parasite,1664,1273,1722,1323
1307210661-0010-R.jpg,2592,1944,parasite,1723,1311,1725,1312
1307210661-0010-R.jpg,2592,1944,parasite,1827,1789,1908,1872
1307210661-0010-R.jpg,2592,1944,parasite,1836,519,1838,520
1307210661-0010-R.jpg,2592,1944,parasite,1839,497,1910,557
1307210661-0010-R.jpg,2592,1944,parasite,1850,157,1906,210
1307210661-0010-R.jpg,2592,1944,parasite,1953,1484,2008,1549
1307210661-0010-R.jpg,2592,1944,parasite,2007,1346,2063,1411
1307210661-0010-R.jpg,2592,1944,parasite,2013,785,2086,843
1307210661-0010-R.jpg,2592,1944,parasite,2045,1794,2118,1844
1307210661-0010-R.jpg,2592,1944,parasite,2063,1838,2064,1840
1307210661-0010-R.jpg,2592,1944,parasite,2090,1194,2136,1255
1307210661-0010-R.jpg,2592,1944,parasite,2170,242,2222,304
1307210661-0010-R.jpg,2592,1944,parasite,2263,1514,2339,1584
1307210661-0010-R.jpg,2592,1944,parasite,2316,617,2415,679
1307210661-0010-R.jpg,2592,1944,parasite,2330,922,2388,983
1307210661-0010-R.jpg,2592,1944,parasite,2396,1719,2398,1720
1307210661-0010-R.jpg,2592,1944,parasite,2399,1687,2460,1743
1405022890-0001-R.jpg,2592,1944,parasite,697,120,764,179
1405022890-0001-R.jpg,2592,1944,parasite,890,1166,969,1243
1405022890-0001-R.jpg,2592,1944,parasite,1004,945,1118,1048
1405022890-0001-R.jpg,2592,1944,parasite,1064,620,1145,688
1405022890-0001-R.jpg,2592,1944,parasite,1158,1088,1221,1160
1405022890-0001-R.jpg,2592,1944,parasite,1360,739,1420,814
1405022890-0001-R.jpg,2592,1944,parasite,1527,637,1624,730
1405022890-0001-R.jpg,2592,1944,parasite,1600,726,1601,728
1405022890-0001-R.jpg,2592,1944,parasite,1779,954,1847,1008
1405022890-0001-R.jpg,2592,1944,parasite,1833,407,1896,466
1405022890-0001-R.jpg,2592,1944,parasite,1849,833,1966,911
1405022890-0001-R.jpg,2592,1944,parasite,2296,1513,2371,1575
1405022890-0001-R.jpg,2592,1944,parasite,2371,1559,2373,1560
1405022890-0001-R.jpg,2592,1944,parasite,2393,566,2483,648
1405022890-0001-R.jpg,2592,1944,parasite,2483,631,2485,632
1405022890-0002-R.jpg,2592,1944,parasite,49,834,127,922
1405022890-0002-R.jpg,2592,1944,parasite,253,1062,339,1150
1405022890-0002-R.jpg,2592,1944,parasite,668,1860,748,1916
1405022890-0002-R.jpg,2592,1944,parasite,677,1777,748,1841
1405022890-0002-R.jpg,2592,1944,parasite,755,1262,824,1359
1405022890-0002-R.jpg,2592,1944,parasite,898,1213,972,1289
1405022890-0002-R.jpg,2592,1944,parasite,922,265,1033,352
1405022890-0002-R.jpg,2592,1944,parasite,924,558,990,651
1405022890-0002-R.jpg,2592,1944,parasite,971,1233,973,1234
1405022890-0002-R.jpg,2592,1944,parasite,1053,86,1133,204
1405022890-0002-R.jpg,2592,1944,parasite,1124,857,1126,858
1405022890-0002-R.jpg,2592,1944,parasite,1124,895,1126,896
1405022890-0002-R.jpg,2592,1944,parasite,1127,830,1207,929
1405022890-0002-R.jpg,2592,1944,parasite,1188,1111,1190,1112
1405022890-0002-R.jpg,2592,1944,parasite,1191,1070,1259,1138
1405022890-0002-R.jpg,2592,1944,parasite,1299,1321,1379,1409
1405022890-0002-R.jpg,2592,1944,parasite,1504,1239,1592,1319
1405022890-0002-R.jpg,2592,1944,parasite,1614,1332,1707,1408
1405022890-0002-R.jpg,2592,1944,parasite,2027,73,2120,189
1405022890-0002-R.jpg,2592,1944,parasite,2257,1157,2359,1236
1405022890-0002-R.jpg,2592,1944,parasite,2411,1787,2491,1852
1405022890-0003-R.jpg,2592,1944,parasite,29,318,95,416
1405022890-0003-R.jpg,2592,1944,parasite,44,1535,46,1536
1405022890-0003-R.jpg,2592,1944,parasite,46,1494,116,1563
1405022890-0003-R.jpg,2592,1944,parasite,240,204,306,269
1405022890-0003-R.jpg,2592,1944,parasite,252,724,352,855
1405022890-0003-R.jpg,2592,1944,parasite,307,247,309,248
1405022890-0003-R.jpg,2592,1944,parasite,449,227,521,300
1405022890-0003-R.jpg,2592,1944,parasite,751,842,820,911
1405022890-0003-R.jpg,2592,1944,parasite,913,485,988,566
1405022890-0003-R.jpg,2592,1944,parasite,915,1412,996,1481
1405022890-0003-R.jpg,2592,1944,parasite,968,1675,1028,1736
1405022890-0003-R.jpg,2592,1944,parasite,1078,963,1144,1020
1405022890-0003-R.jpg,2592,1944,parasite,1125,1570,1183,1645
1405022890-0003-R.jpg,2592,1944,parasite,1128,1020,1130,1022
1405022890-0003-R.jpg,2592,1944,parasite,1185,1407,1253,1473
1405022890-0003-R.jpg,2592,1944,parasite,1354,521,1442,612
1405022890-0003-R.jpg,2592,1944,parasite,1449,385,1532,460
1405022890-0003-R.jpg,2592,1944,parasite,1758,638,1891,712
1405022890-0003-R.jpg,2592,1944,parasite,1790,716,1887,780
1405022890-0003-R.jpg,2592,1944,parasite,1868,235,1960,318
1405022890-0003-R.jpg,2592,1944,parasite,1897,1101,1971,1207
1405022890-0003-R.jpg,2592,1944,parasite,1972,66,2065,160
1405022890-0003-R.jpg,2592,1944,parasite,1977,150,1978,152
1405022890-0003-R.jpg,2592,1944,parasite,2080,1145,2157,1236
1405022890-0003-R.jpg,2592,1944,parasite,2212,638,2293,707
1405022890-0003-R.jpg,2592,1944,parasite,2291,687,2293,688
1405022890-0003-R.jpg,2592,1944,parasite,2478,363,2546,434
1405022890-0003-R.jpg,2592,1944,parasite,2493,1382,2592,1457
1405022890-0003-R.jpg,2592,1944,parasite,2547,415,2549,416
1405022890-0004-R.jpg,2592,1944,parasite,1,1174,92,1292
1405022890-0004-R.jpg,2592,1944,parasite,54,649,155,743
1405022890-0004-R.jpg,2592,1944,parasite,556,1219,639,1296
1405022890-0004-R.jpg,2592,1944,parasite,817,1355,885,1439
1405022890-0004-R.jpg,2592,1944,parasite,914,1300,1020,1407
1405022890-0004-R.jpg,2592,1944,parasite,934,1429,999,1500
1405022890-0004-R.jpg,2592,1944,parasite,994,1678,1082,1772
1405022890-0004-R.jpg,2592,1944,parasite,995,1503,997,1504
1405022890-0004-R.jpg,2592,1944,parasite,1005,1433,1078,1533
1405022890-0004-R.jpg,2592,1944,parasite,1124,381,1215,464
1405022890-0004-R.jpg,2592,1944,parasite,1160,1889,1269,1944
1405022890-0004-R.jpg,2592,1944,parasite,1384,182,1485,272
1405022890-0004-R.jpg,2592,1944,parasite,1429,481,1515,552
1405022890-0004-R.jpg,2592,1944,parasite,1496,556,1577,626
1405022890-0004-R.jpg,2592,1944,parasite,1510,1735,1614,1831
1405022890-0004-R.jpg,2592,1944,parasite,1690,700,1749,774
1405022890-0004-R.jpg,2592,1944,parasite,1790,1271,1882,1371
1405022890-0004-R.jpg,2592,1944,parasite,1835,1809,1932,1896
1405022890-0004-R.jpg,2592,1944,parasite,1836,1833,1838,1834
1405022890-0004-R.jpg,2592,1944,parasite,1846,229,1949,322
1405022890-0004-R.jpg,2592,1944,parasite,1850,397,1934,501
1405022890-0004-R.jpg,2592,1944,parasite,1865,999,1983,1112
1405022890-0004-R.jpg,2592,1944,parasite,1883,1327,1885,1328
1405022890-0004-R.jpg,2592,1944,parasite,2398,95,2493,208
1405022890-0005-R.jpg,2592,1944,parasite,446,1577,528,1647
1405022890-0005-R.jpg,2592,1944,parasite,557,1193,649,1264
1405022890-0005-R.jpg,2592,1944,parasite,692,505,769,607
1405022890-0005-R.jpg,2592,1944,parasite,807,672,883,761
1405022890-0005-R.jpg,2592,1944,parasite,821,1788,900,1870
1405022890-0005-R.jpg,2592,1944,parasite,1573,837,1656,908
1405022890-0005-R.jpg,2592,1944,parasite,1580,425,1582,426
1405022890-0005-R.jpg,2592,1944,parasite,1583,408,1692,492
1405022890-0005-R.jpg,2592,1944,parasite,1755,452,1843,529
1405022890-0005-R.jpg,2592,1944,parasite,1965,1447,2080,1522
1405022890-0005-R.jpg,2592,1944,parasite,2017,19,2107,97
1405022890-0005-R.jpg,2592,1944,parasite,2052,241,2112,300
1405022890-0005-R.jpg,2592,1944,parasite,2107,71,2109,72
1405022890-0005-R.jpg,2592,1944,parasite,2121,281,2180,354
1405022890-0005-R.jpg,2592,1944,parasite,2155,1274,2231,1341
1405022890-0005-R.jpg,2592,1944,parasite,2241,1406,2324,1483
1405022890-0005-R.jpg,2592,1944,parasite,2258,1051,2332,1121
1405022890-0005-R.jpg,2592,1944,parasite,2260,1599,2339,1679
1405022890-0005-R.jpg,2592,1944,parasite,2458,884,2530,962
1405022890-0006-R.jpg,2592,1944,parasite,173,399,321,497
1405022890-0006-R.jpg,2592,1944,parasite,409,421,483,500
1405022890-0006-R.jpg,2592,1944,parasite,509,1583,588,1657
1405022890-0006-R.jpg,2592,1944,parasite,558,1892,632,1944
1405022890-0006-R.jpg,2592,1944,parasite,620,791,686,903
1405022890-0006-R.jpg,2592,1944,parasite,628,801,630,802
1405022890-0006-R.jpg,2592,1944,parasite,737,573,804,660
1405022890-0006-R.jpg,2592,1944,parasite,800,1128,858,1195
1405022890-0006-R.jpg,2592,1944,parasite,826,50,912,147
1405022890-0006-R.jpg,2592,1944,parasite,1073,459,1129,542
1405022890-0006-R.jpg,2592,1944,parasite,1222,641,1303,750
1405022890-0006-R.jpg,2592,1944,parasite,1238,1373,1322,1458
1405022890-0006-R.jpg,2592,1944,parasite,1603,569,1668,651
1405022890-0006-R.jpg,2592,1944,parasite,1697,1691,1761,1760
1405022890-0006-R.jpg,2592,1944,parasite,1866,877,1956,979
1405022890-0006-R.jpg,2592,1944,parasite,2017,1724,2104,1800
1405022890-0006-R.jpg,2592,1944,parasite,2210,1608,2296,1683
1405022890-0006-R.jpg,2592,1944,parasite,2279,185,2349,258
1405022890-0006-R.jpg,2592,1944,parasite,2449,291,2514,352
1408161544-0001-S_R.jpg,2592,1944,parasite,1010,579,1196,741
1408161544-0001-S_R.jpg,2592,1944,parasite,1476,1719,1547,1799
1408161544-0001-S_R.jpg,2592,1944,parasite,2508,809,2510,810
1408161544-0001-S_R.jpg,2592,1944,parasite,2511,772,2592,862
1408161544-0002-R_S.jpg,2592,1944,parasite,1153,1273,1223,1374
1408161544-0002-R_S.jpg,2592,1944,parasite,1218,641,1378,796
1408161544-0002-R_S.jpg,2592,1944,parasite,1220,767,1222,768
1408161544-0002-R_S.jpg,2592,1944,parasite,1498,1139,1588,1236
1408161544-0002-R_S.jpg,2592,1944,parasite,1521,1223,1522,1225
1408161544-0003-R_S.jpg,2592,1944,parasite,598,1872,670,1944
1408161544-0003-R_S.jpg,2592,1944,parasite,662,9,735,72
1408161544-0003-R_S.jpg,2592,1944,parasite,1031,678,1178,823
1408290968-0001-R.jpg,2592,1944,parasite,1285,905,1368,988
1408290968-0001-R.jpg,2592,1944,parasite,1313,987,1315,989
1408290968-0002-R.jpg,2592,1944,parasite,1324,913,1326,914
1408290968-0002-R.jpg,2592,1944,parasite,1327,893,1407,992
1408290968-0003-R.jpg,2592,1944,parasite,1169,691,1268,826
1409171742-0001-R.jpg,2592,1944,parasite,464,986,564,1069
1409171742-0001-R.jpg,2592,1944,parasite,1391,1328,1467,1430
1409171742-0002-R.jpg,2592,1944,parasite,1159,259,1251,328
1409171742-0002-R.jpg,2592,1944,parasite,1202,1733,1203,1735
1409171742-0002-R.jpg,2592,1944,parasite,1207,1715,1273,1796
1409171742-0002-R.jpg,2592,1944,parasite,2196,1223,2198,1224
1409171742-0002-R.jpg,2592,1944,parasite,2199,1187,2288,1258
1409171742-0003-R.jpg,2592,1944,parasite,485,217,607,327
1409171742-0003-R.jpg,2592,1944,parasite,505,295,506,297
1409171742-0003-R.jpg,2592,1944,parasite,534,547,635,643
1409171742-0003-R.jpg,2592,1944,parasite,1326,657,1422,780
1409171742-0003-R.jpg,2592,1944,parasite,1477,1394,1558,1478
1409171742-0004-R.jpg,2592,1944,parasite,1004,1633,1095,1715
1409171742-0004-R.jpg,2592,1944,parasite,1376,175,1452,255
1409171742-0004-R.jpg,2592,1944,parasite,1380,247,1382,248
1409171742-0005-R.jpg,2592,1944,parasite,1156,1306,1278,1405
1409171742-0005-R.jpg,2592,1944,parasite,1214,700,1355,824
1409171742-0005-R.jpg,2592,1944,parasite,1241,1305,1242,1307
1409171742-0006-R.jpg,2592,1944,parasite,468,986,565,1080
1409171742-0006-R.jpg,2592,1944,parasite,1871,797,1943,888
1409171742-0006-R.jpg,2592,1944,parasite,2048,852,2147,966
1409171742-0007-R.jpg,2592,1944,parasite,179,800,268,886
1409171742-0007-R.jpg,2592,1944,parasite,551,1637,649,1732
1409171742-0007-R.jpg,2592,1944,parasite,1593,817,1688,893
1409171742-0007-R.jpg,2592,1944,parasite,1919,1373,2007,1470
1409171742-0008-R.jpg,2592,1944,parasite,652,1361,654,1362
1409171742-0008-R.jpg,2592,1944,parasite,653,1337,759,1436
1409171742-0008-R.jpg,2592,1944,parasite,748,437,867,524
1409171742-0008-R.jpg,2592,1944,parasite,759,1413,760,1415
1409171742-0008-R.jpg,2592,1944,parasite,1948,1451,2057,1542
1409171742-0008-R.jpg,2592,1944,parasite,2285,1513,2400,1611
1409171742-0009-R.jpg,2592,1944,parasite,352,521,455,633
1409171742-0009-R.jpg,2592,1944,parasite,353,91,486,212
1409171742-0009-R.jpg,2592,1944,parasite,363,691,456,800
1409171742-0009-R.jpg,2592,1944,parasite,463,214,465,216
1409171742-0009-R.jpg,2592,1944,parasite,1672,1204,1749,1329
1409171742-0009-R.jpg,2592,1944,parasite,1682,1221,1683,1223
1409171742-0009-R.jpg,2592,1944,parasite,2008,1528,2121,1619
1409171742-0009-R.jpg,2592,1944,parasite,2023,793,2087,870
1409171742-0009-R.jpg,2592,1944,parasite,2024,1599,2026,1600
1409171742-0010-R.jpg,2592,1944,parasite,623,1054,708,1147
1409171742-0010-R.jpg,2592,1944,parasite,761,957,867,1056
1409171742-0010-R.jpg,2592,1944,parasite,942,957,1035,1055
1409171742-0010-R.jpg,2592,1944,parasite,1294,75,1392,168
1409171742-0010-R.jpg,2592,1944,parasite,1605,1416,1710,1516
1409171742-0010-R.jpg,2592,1944,parasite,1707,1457,1709,1458
1409191647-0001-R.jpg,2592,1944,parasite,965,645,1037,721
1409191647-0002-R.jpg,2592,1944,parasite,1084,737,1086,738
1409191647-0002-R.jpg,2592,1944,parasite,1085,715,1188,801
1409191647-0003-R.jpg,2592,1944,parasite,734,1065,805,1143
1409191647-0003-R.jpg,2592,1944,parasite,1010,1228,1085,1311
1409191647-0003-R.jpg,2592,1944,parasite,1300,850,1398,926
1409191647-0003-R.jpg,2592,1944,parasite,1322,719,1410,818
1409191647-0003-R.jpg,2592,1944,parasite,1411,783,1413,784
1409191647-0004-R.jpg,2592,1944,parasite,808,644,876,722
1409191647-0004-R.jpg,2592,1944,parasite,1075,944,1157,1005
1409191647-0004-R.jpg,2592,1944,parasite,1274,597,1351,664
1409191647-0004-R.jpg,2592,1944,parasite,1598,1025,1674,1116
1409191647-0005-R.jpg,2592,1944,parasite,754,730,852,823
1409191647-0005-R.jpg,2592,1944,parasite,760,737,762,738
1409191647-0005-R.jpg,2592,1944,parasite,790,1058,894,1146
1409191647-0005-R.jpg,2592,1944,parasite,847,813,849,814
1409191647-0005-R.jpg,2592,1944,parasite,1504,1150,1599,1242
1409191647-0005-R.jpg,2592,1944,parasite,1876,649,1878,650
1409191647-0005-R.jpg,2592,1944,parasite,1878,613,2000,720
1409191647-0006-R.jpg,2592,1944,parasite,1154,599,1240,712
1409191647-0006-R.jpg,2592,1944,parasite,1382,1804,1458,1880
1409191647-0006-R.jpg,2592,1944,parasite,1516,217,1518,218
1409191647-0006-R.jpg,2592,1944,parasite,1517,199,1605,285
1409191647-0006-R.jpg,2592,1944,parasite,1603,255,1605,256
1409191647-0006-R.jpg,2592,1944,parasite,2220,1558,2315,1646
1409191647-0007-R.jpg,2592,1944,parasite,1212,887,1214,888
1409191647-0007-R.jpg,2592,1944,parasite,1214,830,1287,904
1409191647-0008-T.jpg,2592,1944,parasite,1088,891,1177,978
1409191647-0009-R.jpg,2592,1944,parasite,105,1148,202,1253
1409191647-0009-R.jpg,2592,1944,parasite,191,444,260,513
1409191647-0009-R.jpg,2592,1944,parasite,203,1199,205,1200
1409191647-0009-R.jpg,2592,1944,parasite,452,1098,539,1199
1409191647-0009-R.jpg,2592,1944,parasite,1180,549,1294,667
1409191647-0009-R.jpg,2592,1944,parasite,1230,891,1300,979
1409191647-0009-R.jpg,2592,1944,parasite,1938,909,2039,1021
1409191647-0010-R.jpg,2592,1944,parasite,50,436,144,504
1409191647-0010-R.jpg,2592,1944,parasite,434,701,555,780
1409191647-0010-R.jpg,2592,1944,parasite,1341,1240,1422,1317
1409191647-0010-R.jpg,2592,1944,parasite,1394,662,1485,755
1409191647-0010-R.jpg,2592,1944,parasite,1966,389,2042,492
1603223711-0001-T.jpg,2592,1944,parasite,1150,917,1373,993
1603223711-0002-T.jpg,2592,1944,parasite,1068,481,1070,482
1603223711-0002-T.jpg,2592,1944,parasite,1071,476,1106,518
1603223711-0002-T.jpg,2592,1944,parasite,1107,519,1109,520
1603223711-0002-T.jpg,2592,1944,parasite,1344,1011,1536,1117
1603223711-0003-T_R.jpg,2592,1944,parasite,1025,1332,1215,1448
1603223711-0003-T_R.jpg,2592,1944,parasite,1036,1393,1038,1394
1603223711-0003-T_R.jpg,2592,1944,parasite,1535,557,1579,605
1603223711-0004-R.jpg,2592,1944,parasite,885,1194,944,1251
1603223711-0004-R.jpg,2592,1944,parasite,939,1231,941,1232
1603223711-0004-R.jpg,2592,1944,parasite,2151,802,2199,847
1603223711-0005-T.jpg,2592,1944,parasite,1048,612,1224,704
1603223711-0006-T.jpg,2592,1944,parasite,1116,668,1118,670
1603223711-0006-T.jpg,2592,1944,parasite,1118,600,1296,685
1603223711-0006-T.jpg,2592,1944,parasite,1283,679,1285,680
1603223711-0006-T.jpg,2592,1944,parasite,1291,671,1293,672
1701151546-0001-R_T.jpg,2592,1944,parasite,6,1780,65,1827
1701151546-0001-R_T.jpg,2592,1944,parasite,146,1124,187,1165
1701151546-0001-R_T.jpg,2592,1944,parasite,309,1049,374,1109
1701151546-0001-R_T.jpg,2592,1944,parasite,550,1292,611,1338
1701151546-0001-R_T.jpg,2592,1944,parasite,610,1876,656,1925
1701151546-0001-R_T.jpg,2592,1944,parasite,1014,1573,1050,1610
1701151546-0001-R_T.jpg,2592,1944,parasite,1028,583,1070,627
1701151546-0001-R_T.jpg,2592,1944,parasite,1286,1010,1376,1122
1701151546-0001-R_T.jpg,2592,1944,parasite,1326,1803,1361,1844
1701151546-0001-R_T.jpg,2592,1944,parasite,1621,1,1689,50
1701151546-0001-R_T.jpg,2592,1944,parasite,1678,168,1709,198
1701151546-0001-R_T.jpg,2592,1944,parasite,1965,1090,2016,1138
1701151546-0001-R_T.jpg,2592,1944,parasite,2474,1658,2522,1689
1701151546-0001-R_T.jpg,2592,1944,parasite,2480,304,2557,369
1701151546-0001-R_T.jpg,2592,1944,parasite,2504,1814,2592,1944
1701151546-0001-R_T.jpg,2592,1944,parasite,2557,977,2592,1028
1701151546-0001-R_T.jpg,2592,1944,parasite,2580,1817,2582,1818
1701151546-0001-R_T.jpg,2592,1944,parasite,2586,1,2592,9
1701151546-0002-R.jpg,2592,1944,parasite,33,565,70,604
1701151546-0002-R.jpg,2592,1944,parasite,41,1410,92,1460
1701151546-0002-R.jpg,2592,1944,parasite,59,1078,95,1116
1701151546-0002-R.jpg,2592,1944,parasite,84,1143,86,1144
1701151546-0002-R.jpg,2592,1944,parasite,87,1116,130,1158
1701151546-0002-R.jpg,2592,1944,parasite,362,1434,363,1436
1701151546-0002-R.jpg,2592,1944,parasite,366,1411,408,1453
1701151546-0002-R.jpg,2592,1944,parasite,536,573,585,625
1701151546-0002-R.jpg,2592,1944,parasite,635,651,681,700
1701151546-0002-R.jpg,2592,1944,parasite,720,105,766,148
1701151546-0002-R.jpg,2592,1944,parasite,856,1117,906,1167
1701151546-0002-R.jpg,2592,1944,parasite,907,1129,909,1130
1701151546-0002-R.jpg,2592,1944,parasite,1044,327,1046,328
1701151546-0002-R.jpg,2592,1944,parasite,1047,292,1084,336
1701151546-0002-R.jpg,2592,1944,parasite,1180,164,1228,205
1701151546-0002-R.jpg,2592,1944,parasite,1383,773,1432,819
1701151546-0002-R.jpg,2592,1944,parasite,1620,1194,1687,1259
1701151546-0002-R.jpg,2592,1944,parasite,1961,976,2005,1022
1701151546-0002-R.jpg,2592,1944,parasite,2020,1397,2070,1445
1701151546-0002-R.jpg,2592,1944,parasite,2375,908,2417,952
1701151546-0002-R.jpg,2592,1944,parasite,2392,1881,2439,1928
1701151546-0002-R.jpg,2592,1944,parasite,2558,572,2592,617
1701151546-0003-R.jpg,2592,1944,parasite,63,468,105,506
1701151546-0003-R.jpg,2592,1944,parasite,84,1076,124,1117
1701151546-0003-R.jpg,2592,1944,parasite,248,1475,299,1526
1701151546-0003-R.jpg,2592,1944,parasite,249,1511,250,1513
1701151546-0003-R.jpg,2592,1944,parasite,473,19,509,55
1701151546-0003-R.jpg,2592,1944,parasite,477,988,517,1024
1701151546-0003-R.jpg,2592,1944,parasite,667,934,714,993
1701151546-0003-R.jpg,2592,1944,parasite,1059,856,1089,885
1701151546-0003-R.jpg,2592,1944,parasite,1298,7,1344,45
1701151546-0003-R.jpg,2592,1944,parasite,1319,969,1363,1019
1701151546-0003-R.jpg,2592,1944,parasite,1721,897,1771,947
1701151546-0003-R.jpg,2592,1944,parasite,1807,1841,1832,1874
1701151546-0003-R.jpg,2592,1944,parasite,1974,902,2028,947
1701151546-0003-R.jpg,2592,1944,parasite,2080,1925,2130,1944
1701151546-0003-R.jpg,2592,1944,parasite,2120,1719,2163,1758
1701151546-0003-R.jpg,2592,1944,parasite,2163,1729,2165,1730
1701151546-0003-R.jpg,2592,1944,parasite,2408,1773,2497,1828
1701151546-0004-R_T.jpg,2592,1944,parasite,61,921,107,966
1701151546-0004-R_T.jpg,2592,1944,parasite,298,1001,338,1037
1701151546-0004-R_T.jpg,2592,1944,parasite,306,1002,307,1004
1701151546-0004-R_T.jpg,2592,1944,parasite,319,296,376,359
1701151546-0004-R_T.jpg,2592,1944,parasite,504,569,534,599
1701151546-0004-R_T.jpg,2592,1944,parasite,697,1662,736,1696
1701151546-0004-R_T.jpg,2592,1944,parasite,749,1450,800,1492
1701151546-0004-R_T.jpg,2592,1944,parasite,755,1494,756,1496
1701151546-0004-R_T.jpg,2592,1944,parasite,808,628,860,678
1701151546-0004-R_T.jpg,2592,1944,parasite,1011,455,1055,500
1701151546-0004-R_T.jpg,2592,1944,parasite,1074,637,1127,691
1701151546-0004-R_T.jpg,2592,1944,parasite,1186,619,1219,656
1701151546-0004-R_T.jpg,2592,1944,parasite,1219,617,1221,618
1701151546-0004-R_T.jpg,2592,1944,parasite,1369,1495,1413,1536
1701151546-0004-R_T.jpg,2592,1944,parasite,1371,895,1417,942
1701151546-0004-R_T.jpg,2592,1944,parasite,1407,645,1444,675
1701151546-0004-R_T.jpg,2592,1944,parasite,1437,430,1512,514
1701151546-0004-R_T.jpg,2592,1944,parasite,1449,302,1503,346
1701151546-0004-R_T.jpg,2592,1944,parasite,1495,1752,1548,1805
1701151546-0004-R_T.jpg,2592,1944,parasite,1523,908,1567,956
1701151546-0004-R_T.jpg,2592,1944,parasite,1524,857,1526,858
1701151546-0004-R_T.jpg,2592,1944,parasite,1527,855,1570,891
1701151546-0004-R_T.jpg,2592,1944,parasite,1577,777,1618,817
1701151546-0004-R_T.jpg,2592,1944,parasite,1653,1309,1696,1344
1701151546-0004-R_T.jpg,2592,1944,parasite,2164,1828,2210,1870
1701151546-0004-R_T.jpg,2592,1944,parasite,2164,1863,2166,1864
1701151546-0004-R_T.jpg,2592,1944,parasite,2211,1849,2213,1850
1701151546-0004-R_T.jpg,2592,1944,parasite,2278,729,2323,773
1701151546-0004-R_T.jpg,2592,1944,parasite,2322,453,2324,456
1701151546-0004-R_T.jpg,2592,1944,parasite,2325,375,2381,457
1701151546-0004-R_T.jpg,2592,1944,parasite,2492,458,2536,496
1701151546-0004-R_T.jpg,2592,1944,parasite,2492,495,2494,496
1701151546-0005-R.jpg,2592,1944,parasite,42,1825,79,1860
1701151546-0005-R.jpg,2592,1944,parasite,62,318,105,351
1701151546-0005-R.jpg,2592,1944,parasite,109,364,140,402
1701151546-0005-R.jpg,2592,1944,parasite,372,1472,422,1523
1701151546-0005-R.jpg,2592,1944,parasite,422,440,462,471
1701151546-0005-R.jpg,2592,1944,parasite,432,487,470,522
1701151546-0005-R.jpg,2592,1944,parasite,517,751,557,800
1701151546-0005-R.jpg,2592,1944,parasite,548,583,588,620
1701151546-0005-R.jpg,2592,1944,parasite,579,1253,628,1306
1701151546-0005-R.jpg,2592,1944,parasite,667,549,712,591
1701151546-0005-R.jpg,2592,1944,parasite,688,1598,724,1637
1701151546-0005-R.jpg,2592,1944,parasite,731,1856,786,1909
1701151546-0005-R.jpg,2592,1944,parasite,1122,392,1168,438
1701151546-0005-R.jpg,2592,1944,parasite,1136,1551,1182,1599
1701151546-0005-R.jpg,2592,1944,parasite,1244,1607,1246,1608
1701151546-0005-R.jpg,2592,1944,parasite,1247,1586,1287,1624
1701151546-0005-R.jpg,2592,1944,parasite,1252,1623,1254,1624
1701151546-0005-R.jpg,2592,1944,parasite,1259,1176,1312,1220
1701151546-0005-R.jpg,2592,1944,parasite,1290,1592,1334,1637
1701151546-0005-R.jpg,2592,1944,parasite,1385,1713,1427,1771
1701151546-0005-R.jpg,2592,1944,parasite,1417,1759,1465,1813
1701151546-0005-R.jpg,2592,1944,parasite,1588,759,1590,760
1701151546-0005-R.jpg,2592,1944,parasite,1591,728,1629,765
1701151546-0005-R.jpg,2592,1944,parasite,1712,1838,1751,1871
1701151546-0005-R.jpg,2592,1944,parasite,1925,341,1966,383
1701151546-0005-R.jpg,2592,1944,parasite,2300,1105,2302,1106
1701151546-0005-R.jpg,2592,1944,parasite,2303,1095,2352,1141
1701151546-0005-R.jpg,2592,1944,parasite,2308,95,2310,96
1701151546-0005-R.jpg,2592,1944,parasite,2311,65,2352,106
1701151546-0005-R.jpg,2592,1944,parasite,2505,897,2544,934
1701151546-0006-R_T.jpg,2592,1944,parasite,452,185,454,186
1701151546-0006-R_T.jpg,2592,1944,parasite,453,161,514,221
1701151546-0006-R_T.jpg,2592,1944,parasite,515,207,517,208
1701151546-0006-R_T.jpg,2592,1944,parasite,539,1737,589,1795
1701151546-0006-R_T.jpg,2592,1944,parasite,680,1653,727,1697
1701151546-0006-R_T.jpg,2592,1944,parasite,706,333,748,375
1701151546-0006-R_T.jpg,2592,1944,parasite,721,941,775,986
1701151546-0006-R_T.jpg,2592,1944,parasite,886,50,915,86
1701151546-0006-R_T.jpg,2592,1944,parasite,915,57,917,58
1701151546-0006-R_T.jpg,2592,1944,parasite,1007,174,1052,216
1701151546-0006-R_T.jpg,2592,1944,parasite,1196,601,1228,646
1701151546-0006-R_T.jpg,2592,1944,parasite,1370,845,1457,904
1701151546-0006-R_T.jpg,2592,1944,parasite,1391,1496,1435,1542
1701151546-0006-R_T.jpg,2592,1944,parasite,1534,460,1566,494
1701151546-0006-R_T.jpg,2592,1944,parasite,1543,1805,1589,1842
1701151546-0006-R_T.jpg,2592,1944,parasite,1565,1845,1567,1847
1701151546-0006-R_T.jpg,2592,1944,parasite,1750,682,1831,754
1701151546-0006-R_T.jpg,2592,1944,parasite,1796,1031,1820,1078
1701151546-0006-R_T.jpg,2592,1944,parasite,1885,1010,1923,1058
1701151546-0006-R_T.jpg,2592,1944,parasite,2152,1652,2203,1704
1701151546-0006-R_T.jpg,2592,1944,parasite,2280,3,2380,63
1701151546-0007-R.jpg,2592,1944,parasite,12,1161,14,1162
1701151546-0007-R.jpg,2592,1944,parasite,15,1146,60,1191
1701151546-0007-R.jpg,2592,1944,parasite,17,1160,18,1162
1701151546-0007-R.jpg,2592,1944,parasite,70,737,115,779
1701151546-0007-R.jpg,2592,1944,parasite,163,1134,217,1186
1701151546-0007-R.jpg,2592,1944,parasite,297,1544,342,1590
1701151546-0007-R.jpg,2592,1944,parasite,354,598,392,639
1701151546-0007-R.jpg,2592,1944,parasite,358,1529,404,1580
1701151546-0007-R.jpg,2592,1944,parasite,385,448,386,450
1701151546-0007-R.jpg,2592,1944,parasite,387,431,439,468
1701151546-0007-R.jpg,2592,1944,parasite,416,1,458,16
1701151546-0007-R.jpg,2592,1944,parasite,472,1092,514,1132
1701151546-0007-R.jpg,2592,1944,parasite,503,1889,559,1933
1701151546-0007-R.jpg,2592,1944,parasite,523,1130,566,1172
1701151546-0007-R.jpg,2592,1944,parasite,573,17,618,63
1701151546-0007-R.jpg,2592,1944,parasite,619,25,621,26
1701151546-0007-R.jpg,2592,1944,parasite,713,555,767,596
1701151546-0007-R.jpg,2592,1944,parasite,826,380,867,411
1701151546-0007-R.jpg,2592,1944,parasite,885,723,931,768
1701151546-0007-R.jpg,2592,1944,parasite,931,863,974,912
1701151546-0007-R.jpg,2592,1944,parasite,997,982,1047,1030
1701151546-0007-R.jpg,2592,1944,parasite,1046,579,1097,633
1701151546-0007-R.jpg,2592,1944,parasite,1114,1207,1152,1247
1701151546-0007-R.jpg,2592,1944,parasite,1364,1145,1397,1182
1701151546-0007-R.jpg,2592,1944,parasite,1372,1185,1374,1186
1701151546-0007-R.jpg,2592,1944,parasite,1375,1181,1418,1220
1701151546-0007-R.jpg,2592,1944,parasite,1403,1917,1448,1944
1701151546-0007-R.jpg,2592,1944,parasite,1419,1193,1421,1194
1701151546-0007-R.jpg,2592,1944,parasite,1876,1316,1921,1351
1701151546-0007-R.jpg,2592,1944,parasite,1924,431,1965,475
1701151546-0007-R.jpg,2592,1944,parasite,1965,89,2015,136
1701151546-0007-R.jpg,2592,1944,parasite,2075,47,2133,100
1701151546-0007-R.jpg,2592,1944,parasite,2204,367,2252,416
1701151546-0007-R.jpg,2592,1944,parasite,2286,1021,2326,1066
1701151546-0007-R.jpg,2592,1944,parasite,2476,1509,2523,1543
1701151546-0008-R-T.jpg,2592,1944,parasite,219,1765,254,1800
1701151546-0008-R-T.jpg,2592,1944,parasite,323,1821,367,1865
1701151546-0008-R-T.jpg,2592,1944,parasite,413,1497,460,1544
1701151546-0008-R-T.jpg,2592,1944,parasite,420,1209,422,1210
1701151546-0008-R-T.jpg,2592,1944,parasite,420,1231,422,1232
1701151546-0008-R-T.jpg,2592,1944,parasite,423,1201,462,1240
1701151546-0008-R-T.jpg,2592,1944,parasite,551,1240,599,1287
1701151546-0008-R-T.jpg,2592,1944,parasite,753,1340,787,1375
1701151546-0008-R-T.jpg,2592,1944,parasite,783,1345,785,1347
1701151546-0008-R-T.jpg,2592,1944,parasite,930,1492,964,1524
1701151546-0008-R-T.jpg,2592,1944,parasite,1088,1476,1123,1512
1701151546-0008-R-T.jpg,2592,1944,parasite,1143,500,1210,569
1701151546-0008-R-T.jpg,2592,1944,parasite,1251,861,1290,903
1701151546-0008-R-T.jpg,2592,1944,parasite,1309,1368,1345,1404
1701151546-0008-R-T.jpg,2592,1944,parasite,1453,1497,1485,1528
1701151546-0008-R-T.jpg,2592,1944,parasite,1612,1762,1648,1799
1701151546-0008-R-T.jpg,2592,1944,parasite,2108,1537,2151,1580
1701151546-0008-R-T.jpg,2592,1944,parasite,2279,1257,2325,1302
1701151546-0009-R.jpg,2592,1944,parasite,244,825,288,869
1701151546-0009-R.jpg,2592,1944,parasite,283,855,285,856
1701151546-0009-R.jpg,2592,1944,parasite,426,1691,473,1733
1701151546-0009-R.jpg,2592,1944,parasite,460,758,504,805
1701151546-0009-R.jpg,2592,1944,parasite,531,285,568,330
1701151546-0009-R.jpg,2592,1944,parasite,541,741,583,792
1701151546-0009-R.jpg,2592,1944,parasite,586,1746,634,1790
1701151546-0009-R.jpg,2592,1944,parasite,590,1009,635,1049
1701151546-0009-R.jpg,2592,1944,parasite,635,1017,637,1018
1701151546-0009-R.jpg,2592,1944,parasite,635,1753,637,1754
1701151546-0009-R.jpg,2592,1944,parasite,669,1187,692,1221
1701151546-0009-R.jpg,2592,1944,parasite,868,1256,912,1298
1701151546-0009-R.jpg,2592,1944,parasite,1374,1101,1427,1149
1701151546-0009-R.jpg,2592,1944,parasite,1414,828,1464,876
1701151546-0009-R.jpg,2592,1944,parasite,1524,1145,1568,1189
1701151546-0009-R.jpg,2592,1944,parasite,1550,1350,1592,1392
1701151546-0009-R.jpg,2592,1944,parasite,1611,946,1678,1000
1701151546-0009-R.jpg,2592,1944,parasite,1659,346,1703,389
1701151546-0009-R.jpg,2592,1944,parasite,1678,395,1715,428
1701151546-0009-R.jpg,2592,1944,parasite,1834,741,1905,790
1701151546-0009-R.jpg,2592,1944,parasite,1889,1666,1940,1752
1701151546-0009-R.jpg,2592,1944,parasite,1914,990,1953,1027
1701151546-0009-R.jpg,2592,1944,parasite,1953,855,1955,858
1701151546-0009-R.jpg,2592,1944,parasite,1954,840,2000,890
1701151546-0009-R.jpg,2592,1944,parasite,2209,801,2264,853
1701151546-0009-R.jpg,2592,1944,parasite,2229,1653,2274,1692
1701151546-0009-R.jpg,2592,1944,parasite,2308,1144,2352,1189
1701151546-0010-R.jpg,2592,1944,parasite,20,847,22,848
1701151546-0010-R.jpg,2592,1944,parasite,23,817,64,865
1701151546-0010-R.jpg,2592,1944,parasite,81,1115,83,1116
1701151546-0010-R.jpg,2592,1944,parasite,85,1103,130,1141
1701151546-0010-R.jpg,2592,1944,parasite,139,1119,181,1159
1701151546-0010-R.jpg,2592,1944,parasite,382,1612,419,1662
1701151546-0010-R.jpg,2592,1944,parasite,388,1391,390,1392
1701151546-0010-R.jpg,2592,1944,parasite,391,1354,427,1391
1701151546-0010-R.jpg,2592,1944,parasite,419,1655,421,1656
1701151546-0010-R.jpg,2592,1944,parasite,508,391,534,422
1701151546-0010-R.jpg,2592,1944,parasite,545,382,589,421
1701151546-0010-R.jpg,2592,1944,parasite,556,1353,558,1354
1701151546-0010-R.jpg,2592,1944,parasite,559,1350,612,1391
1701151546-0010-R.jpg,2592,1944,parasite,684,1755,738,1797
1701151546-0010-R.jpg,2592,1944,parasite,1018,1440,1055,1483
1701151546-0010-R.jpg,2592,1944,parasite,1138,1525,1179,1569
1701151546-0010-R.jpg,2592,1944,parasite,1563,1605,1604,1640
1701151546-0010-R.jpg,2592,1944,parasite,1713,1811,1747,1852
1701151546-0010-R.jpg,2592,1944,parasite,1725,1161,1768,1196
1701151546-0010-R.jpg,2592,1944,parasite,1974,849,2021,888
1701151546-0010-R.jpg,2592,1944,parasite,2197,758,2238,802
1701151546-0010-R.jpg,2592,1944,parasite,2399,575,2436,621
1701151546-0010-R.jpg,2592,1944,parasite,2512,1041,2564,1075
1701151546-0011-R_T.jpg,2592,1944,parasite,382,702,421,740
1701151546-0011-R_T.jpg,2592,1944,parasite,412,912,451,960
1701151546-0011-R_T.jpg,2592,1944,parasite,467,1666,510,1705
1701151546-0011-R_T.jpg,2592,1944,parasite,518,441,564,482
1701151546-0011-R_T.jpg,2592,1944,parasite,564,1287,611,1341
1701151546-0011-R_T.jpg,2592,1944,parasite,1091,1628,1132,1666
1701151546-0011-R_T.jpg,2592,1944,parasite,1202,450,1241,496
1701151546-0011-R_T.jpg,2592,1944,parasite,1205,917,1240,950
1701151546-0011-R_T.jpg,2592,1944,parasite,1216,513,1247,555
1701151546-0011-R_T.jpg,2592,1944,parasite,1252,879,1254,880
1701151546-0011-R_T.jpg,2592,1944,parasite,1253,817,1343,891
1701151546-0011-R_T.jpg,2592,1944,parasite,1370,100,1408,146
1701151546-0011-R_T.jpg,2592,1944,parasite,1523,536,1562,576
1701151546-0011-R_T.jpg,2592,1944,parasite,1562,657,1604,698
1701151546-0011-R_T.jpg,2592,1944,parasite,1667,789,1697,840
1701151546-0011-R_T.jpg,2592,1944,parasite,1669,283,1716,334
1701151546-0011-R_T.jpg,2592,1944,parasite,1692,766,1746,816
1701151546-0011-R_T.jpg,2592,1944,parasite,1747,799,1749,800
1701151546-0011-R_T.jpg,2592,1944,parasite,1998,889,2050,935
1701151546-0011-R_T.jpg,2592,1944,parasite,2528,563,2571,602
1701151546-0011-R_T.jpg,2592,1944,parasite,2533,257,2584,307
1701151546-0012-R.jpg,2592,1944,parasite,4,1473,6,1474
1701151546-0012-R.jpg,2592,1944,parasite,7,1455,61,1488
1701151546-0012-R.jpg,2592,1944,parasite,42,1005,80,1047
1701151546-0012-R.jpg,2592,1944,parasite,69,1540,109,1580
1701151546-0012-R.jpg,2592,1944,parasite,92,162,135,205
1701151546-0012-R.jpg,2592,1944,parasite,98,108,145,151
1701151546-0012-R.jpg,2592,1944,parasite,181,1132,222,1182
1701151546-0012-R.jpg,2592,1944,parasite,756,739,797,784
1701151546-0012-R.jpg,2592,1944,parasite,786,98,828,148
1701151546-0012-R.jpg,2592,1944,parasite,822,1729,852,1765
1701151546-0012-R.jpg,2592,1944,parasite,840,937,878,971
1701151546-0012-R.jpg,2592,1944,parasite,1089,868,1138,913
1701151546-0012-R.jpg,2592,1944,parasite,1210,1369,1254,1412
1701151546-0012-R.jpg,2592,1944,parasite,1409,1755,1443,1785
1701151546-0012-R.jpg,2592,1944,parasite,1444,1627,1481,1666
1701151546-0012-R.jpg,2592,1944,parasite,1479,1633,1481,1635
1701151546-0012-R.jpg,2592,1944,parasite,1500,1113,1502,1114
1701151546-0012-R.jpg,2592,1944,parasite,1501,1103,1549,1160
1701151546-0012-R.jpg,2592,1944,parasite,1526,689,1572,725
1701151546-0012-R.jpg,2592,1944,parasite,1757,1549,1797,1587
1701151546-0012-R.jpg,2592,1944,parasite,1941,626,1978,667
1701151546-0012-R.jpg,2592,1944,parasite,1960,489,2000,521
1701151546-0012-R.jpg,2592,1944,parasite,1979,641,1981,642
1701151546-0012-R.jpg,2592,1944,parasite,1987,1101,2030,1131
1701151546-0012-R.jpg,2592,1944,parasite,2224,962,2246,984
1701151546-0012-R.jpg,2592,1944,parasite,2343,153,2380,192
1701151546-0013-R_T.jpg,2592,1944,parasite,1,1361,33,1401
1701151546-0013-R_T.jpg,2592,1944,parasite,145,1361,185,1395
1701151546-0013-R_T.jpg,2592,1944,parasite,180,1505,182,1506
1701151546-0013-R_T.jpg,2592,1944,parasite,180,1519,182,1520
1701151546-0013-R_T.jpg,2592,1944,parasite,183,1504,227,1542
1701151546-0013-R_T.jpg,2592,1944,parasite,555,1386,600,1435
1701151546-0013-R_T.jpg,2592,1944,parasite,571,1449,601,1496
1701151546-0013-R_T.jpg,2592,1944,parasite,575,1385,576,1387
1701151546-0013-R_T.jpg,2592,1944,parasite,590,1248,640,1285
1701151546-0013-R_T.jpg,2592,1944,parasite,666,877,709,924
1701151546-0013-R_T.jpg,2592,1944,parasite,686,1185,728,1230
1701151546-0013-R_T.jpg,2592,1944,parasite,738,975,778,1009
1701151546-0013-R_T.jpg,2592,1944,parasite,758,635,793,663
1701151546-0013-R_T.jpg,2592,1944,parasite,957,1225,1022,1298
1701151546-0013-R_T.jpg,2592,1944,parasite,1023,1248,1024,1250
1701151546-0013-R_T.jpg,2592,1944,parasite,1063,1329,1101,1371
1701151546-0013-R_T.jpg,2592,1944,parasite,1102,486,1143,529
1701151546-0013-R_T.jpg,2592,1944,parasite,1142,936,1179,966
1701151546-0013-R_T.jpg,2592,1944,parasite,1385,895,1431,938
1701151546-0013-R_T.jpg,2592,1944,parasite,1395,445,1428,480
1701151546-0013-R_T.jpg,2592,1944,parasite,1416,443,1418,445
1701151546-0013-R_T.jpg,2592,1944,parasite,1539,330,1585,365
1701151546-0013-R_T.jpg,2592,1944,parasite,1550,1045,1590,1089
1701151546-0013-R_T.jpg,2592,1944,parasite,1739,3,1786,46
1701151546-0013-R_T.jpg,2592,1944,parasite,1769,1704,1808,1745
1701151546-0013-R_T.jpg,2592,1944,parasite,1787,31,1789,32
1701151546-0013-R_T.jpg,2592,1944,parasite,1814,1732,1844,1768
1701151546-0013-R_T.jpg,2592,1944,parasite,1870,401,1913,438
1701151546-0013-R_T.jpg,2592,1944,parasite,1882,1507,1920,1554
1701151546-0013-R_T.jpg,2592,1944,parasite,1892,1191,1926,1231
1701151546-0013-R_T.jpg,2592,1944,parasite,1910,441,1940,484
1701151546-0013-R_T.jpg,2592,1944,parasite,2218,271,2257,330
1701151546-0013-R_T.jpg,2592,1944,parasite,2248,309,2263,328
1701151546-0013-R_T.jpg,2592,1944,parasite,2283,354,2346,421
1701151546-0013-R_T.jpg,2592,1944,parasite,2347,361,2349,362
1701151546-0013-R_T.jpg,2592,1944,parasite,2464,1841,2501,1880
1701151546-0013-R_T.jpg,2592,1944,parasite,2486,939,2527,979
1701151546-0013-R_T.jpg,2592,1944,parasite,2509,576,2550,621
1701151546-0014-R.jpg,2592,1944,parasite,32,1061,63,1102
1701151546-0014-R.jpg,2592,1944,parasite,56,940,92,974
1701151546-0014-R.jpg,2592,1944,parasite,61,99,106,145
1701151546-0014-R.jpg,2592,1944,parasite,71,647,90,663
1701151546-0014-R.jpg,2592,1944,parasite,78,235,127,280
1701151546-0014-R.jpg,2592,1944,parasite,91,663,93,664
1701151546-0014-R.jpg,2592,1944,parasite,91,945,93,946
1701151546-0014-R.jpg,2592,1944,parasite,137,383,169,416
1701151546-0014-R.jpg,2592,1944,parasite,190,480,225,516
1701151546-0014-R.jpg,2592,1944,parasite,269,1433,308,1468
1701151546-0014-R.jpg,2592,1944,parasite,270,1527,308,1559
1701151546-0014-R.jpg,2592,1944,parasite,331,609,371,644
1701151546-0014-R.jpg,2592,1944,parasite,340,1076,379,1123
1701151546-0014-R.jpg,2592,1944,parasite,343,477,378,511
1701151546-0014-R.jpg,2592,1944,parasite,346,1920,388,1944
1701151546-0014-R.jpg,2592,1944,parasite,361,179,381,200
1701151546-0014-R.jpg,2592,1944,parasite,364,100,390,120
1701151546-0014-R.jpg,2592,1944,parasite,393,1706,440,1745
1701151546-0014-R.jpg,2592,1944,parasite,444,1882,474,1934
1701151546-0014-R.jpg,2592,1944,parasite,475,1927,477,1928
1701151546-0014-R.jpg,2592,1944,parasite,569,189,593,209
1701151546-0014-R.jpg,2592,1944,parasite,576,137,588,148
1701151546-0014-R.jpg,2592,1944,parasite,600,227,621,247
1701151546-0014-R.jpg,2592,1944,parasite,617,201,632,218
1701151546-0014-R.jpg,2592,1944,parasite,621,575,644,593
1701151546-0014-R.jpg,2592,1944,parasite,684,144,727,173
1701151546-0014-R.jpg,2592,1944,parasite,707,1275,763,1344
1701151546-0014-R.jpg,2592,1944,parasite,718,229,734,242
1701151546-0014-R.jpg,2592,1944,parasite,719,98,765,120
1701151546-0014-R.jpg,2592,1944,parasite,779,123,795,142
1701151546-0014-R.jpg,2592,1944,parasite,790,1862,828,1915
1701151546-0014-R.jpg,2592,1944,parasite,866,1375,899,1410
1701151546-0014-R.jpg,2592,1944,parasite,917,766,953,805
1701151546-0014-R.jpg,2592,1944,parasite,932,1481,934,1482
1701151546-0014-R.jpg,2592,1944,parasite,935,1474,995,1518
1701151546-0014-R.jpg,2592,1944,parasite,946,569,981,605
1701151546-0014-R.jpg,2592,1944,parasite,962,1343,1030,1384
1701151546-0014-R.jpg,2592,1944,parasite,974,1530,1003,1560
1701151546-0014-R.jpg,2592,1944,parasite,994,1221,1040,1267
1701151546-0014-R.jpg,2592,1944,parasite,1000,152,1039,190
1701151546-0014-R.jpg,2592,1944,parasite,1179,109,1201,132
1701151546-0014-R.jpg,2592,1944,parasite,1261,397,1280,418
1701151546-0014-R.jpg,2592,1944,parasite,1361,452,1377,468
1701151546-0014-R.jpg,2592,1944,parasite,1379,11,1401,32
1701151546-0014-R.jpg,2592,1944,parasite,1452,111,1473,132
1701151546-0014-R.jpg,2592,1944,parasite,1465,1638,1495,1696
1701151546-0014-R.jpg,2592,1944,parasite,1476,154,1518,192
1701151546-0014-R.jpg,2592,1944,parasite,1530,1170,1551,1190
1701151546-0014-R.jpg,2592,1944,parasite,1688,8,1710,29
1701151546-0014-R.jpg,2592,1944,parasite,1707,1375,1736,1403
1701151546-0014-R.jpg,2592,1944,parasite,1722,902,1752,977
1701151546-0014-R.jpg,2592,1944,parasite,1803,313,1820,328
1701151546-0014-R.jpg,2592,1944,parasite,1859,314,1875,330
1701151546-0014-R.jpg,2592,1944,parasite,1879,303,1897,320
1701151546-0014-R.jpg,2592,1944,parasite,1930,1847,1974,1885
1701151546-0014-R.jpg,2592,1944,parasite,1966,1007,2013,1048
1701151546-0014-R.jpg,2592,1944,parasite,2018,124,2037,148
1701151546-0014-R.jpg,2592,1944,parasite,2044,191,2046,192
1701151546-0014-R.jpg,2592,1944,parasite,2047,174,2060,191
1701151546-0014-R.jpg,2592,1944,parasite,2104,626,2139,660
1701151546-0014-R.jpg,2592,1944,parasite,2131,1714,2169,1751
1701151546-0014-R.jpg,2592,1944,parasite,2133,6,2157,28
1701151546-0014-R.jpg,2592,1944,parasite,2138,591,2165,609
1701151546-0014-R.jpg,2592,1944,parasite,2147,221,2194,270
1701151546-0014-R.jpg,2592,1944,parasite,2188,1872,2231,1914
1701151546-0014-R.jpg,2592,1944,parasite,2315,412,2340,431
1701151546-0014-R.jpg,2592,1944,parasite,2326,1524,2361,1552
1701151546-0014-R.jpg,2592,1944,parasite,2441,149,2464,169
1701151546-0014-R.jpg,2592,1944,parasite,2453,1852,2490,1902
1701151546-0014-R.jpg,2592,1944,parasite,2455,145,2456,147
1701151546-0014-R.jpg,2592,1944,parasite,2461,1360,2507,1393
1701151546-0014-R.jpg,2592,1944,parasite,2491,1887,2493,1888
1701151546-0014-R.jpg,2592,1944,parasite,2525,1770,2564,1806
1701151546-0015-R_T.jpg,2592,1944,parasite,85,624,101,644
1701151546-0015-R_T.jpg,2592,1944,parasite,151,1362,190,1397
1701151546-0015-R_T.jpg,2592,1944,parasite,201,1059,249,1105
1701151546-0015-R_T.jpg,2592,1944,parasite,357,326,501,446
1701151546-0015-R_T.jpg,2592,1944,parasite,358,446,433,516
1701151546-0015-R_T.jpg,2592,1944,parasite,367,1193,404,1232
1701151546-0015-R_T.jpg,2592,1944,parasite,467,1103,509,1148
1701151546-0015-R_T.jpg,2592,1944,parasite,661,127,704,165
1701151546-0015-R_T.jpg,2592,1944,parasite,721,690,757,736
1701151546-0015-R_T.jpg,2592,1944,parasite,804,1092,840,1129
1701151546-0015-R_T.jpg,2592,1944,parasite,834,533,908,575
1701151546-0015-R_T.jpg,2592,1944,parasite,861,1916,946,1944
1701151546-0015-R_T.jpg,2592,1944,parasite,890,1330,931,1361
1701151546-0015-R_T.jpg,2592,1944,parasite,933,142,980,204
1701151546-0015-R_T.jpg,2592,1944,parasite,938,525,1012,598
1701151546-0015-R_T.jpg,2592,1944,parasite,947,1937,949,1938
1701151546-0015-R_T.jpg,2592,1944,parasite,1016,586,1070,639
1701151546-0015-R_T.jpg,2592,1944,parasite,1221,1146,1280,1227
1701151546-0015-R_T.jpg,2592,1944,parasite,1259,1153,1261,1154
1701151546-0015-R_T.jpg,2592,1944,parasite,1268,1553,1270,1554
1701151546-0015-R_T.jpg,2592,1944,parasite,1271,1544,1324,1590
1701151546-0015-R_T.jpg,2592,1944,parasite,1327,70,1372,105
1701151546-0015-R_T.jpg,2592,1944,parasite,1344,888,1390,933
1701151546-0015-R_T.jpg,2592,1944,parasite,1380,169,1429,222
1701151546-0015-R_T.jpg,2592,1944,parasite,1401,127,1442,174
1701151546-0015-R_T.jpg,2592,1944,parasite,1428,769,1430,770
1701151546-0015-R_T.jpg,2592,1944,parasite,1430,758,1491,797
1701151546-0015-R_T.jpg,2592,1944,parasite,1435,129,1437,130
1701151546-0015-R_T.jpg,2592,1944,parasite,1443,170,1494,218
1701151546-0015-R_T.jpg,2592,1944,parasite,1467,889,1539,975
1701151546-0015-R_T.jpg,2592,1944,parasite,1507,429,1546,466
1701151546-0015-R_T.jpg,2592,1944,parasite,1512,1046,1563,1093
1701151546-0015-R_T.jpg,2592,1944,parasite,1526,229,1561,265
1701151546-0015-R_T.jpg,2592,1944,parasite,1547,433,1549,434
1701151546-0015-R_T.jpg,2592,1944,parasite,1547,455,1549,456
1701151546-0015-R_T.jpg,2592,1944,parasite,1570,1521,1617,1565
1701151546-0015-R_T.jpg,2592,1944,parasite,1845,1338,1890,1373
1701151546-0015-R_T.jpg,2592,1944,parasite,1875,1537,1934,1603
1701151546-0015-R_T.jpg,2592,1944,parasite,1891,1375,1893,1376
1701151546-0015-R_T.jpg,2592,1944,parasite,1930,1297,1964,1325
1701151546-0015-R_T.jpg,2592,1944,parasite,2062,690,2139,735
1701151546-0015-R_T.jpg,2592,1944,parasite,2065,1850,2087,1877
1701151546-0015-R_T.jpg,2592,1944,parasite,2103,689,2104,691
1704282807-0001-R.jpg,2592,1944,parasite,36,560,108,622
1704282807-0001-R.jpg,2592,1944,parasite,105,1862,179,1928
1704282807-0001-R.jpg,2592,1944,parasite,266,1145,329,1210
1704282807-0001-R.jpg,2592,1944,parasite,419,333,494,388
1704282807-0001-R.jpg,2592,1944,parasite,917,1193,987,1253
1704282807-0001-R.jpg,2592,1944,parasite,1217,518,1290,589
1704282807-0001-R.jpg,2592,1944,parasite,1291,559,1293,560
1704282807-0001-R.jpg,2592,1944,parasite,1482,63,1562,131
1704282807-0001-R.jpg,2592,1944,parasite,1563,73,1565,74
1704282807-0001-R.jpg,2592,1944,parasite,1801,26,1916,81
1704282807-0001-R.jpg,2592,1944,parasite,1836,1322,1911,1400
1704282807-0001-R.jpg,2592,1944,parasite,1852,1399,1854,1400
1704282807-0001-R.jpg,2592,1944,parasite,1966,1,2044,56
1704282807-0001-R.jpg,2592,1944,parasite,2326,584,2389,632
1704282807-0002-R.jpg,2592,1944,parasite,1,1347,60,1421
1704282807-0002-R.jpg,2592,1944,parasite,1,1679,46,1727
1704282807-0002-R.jpg,2592,1944,parasite,72,1357,128,1401
1704282807-0002-R.jpg,2592,1944,parasite,339,481,389,545
1704282807-0002-R.jpg,2592,1944,parasite,360,652,417,705
1704282807-0002-R.jpg,2592,1944,parasite,372,1246,410,1310
1704282807-0002-R.jpg,2592,1944,parasite,464,92,528,156
1704282807-0002-R.jpg,2592,1944,parasite,511,150,513,152
1704282807-0002-R.jpg,2592,1944,parasite,785,310,855,369
1704282807-0002-R.jpg,2592,1944,parasite,909,1040,975,1095
1704282807-0002-R.jpg,2592,1944,parasite,945,82,996,139
1704282807-0002-R.jpg,2592,1944,parasite,1210,1707,1281,1784
1704282807-0002-R.jpg,2592,1944,parasite,1379,627,1443,692
1704282807-0002-R.jpg,2592,1944,parasite,1490,524,1556,581
1704282807-0002-R.jpg,2592,1944,parasite,1526,129,1597,186
1704282807-0002-R.jpg,2592,1944,parasite,1537,1063,1539,1065
1704282807-0002-R.jpg,2592,1944,parasite,1538,1034,1597,1095
1704282807-0002-R.jpg,2592,1944,parasite,1555,529,1557,530
1704282807-0002-R.jpg,2592,1944,parasite,1688,1107,1760,1163
1704282807-0002-R.jpg,2592,1944,parasite,2154,88,2204,160
1704282807-0002-R.jpg,2592,1944,parasite,2233,1231,2296,1288
1704282807-0002-R.jpg,2592,1944,parasite,2273,1183,2325,1239
1704282807-0002-R.jpg,2592,1944,parasite,2316,606,2384,671
1704282807-0002-R.jpg,2592,1944,parasite,2429,611,2493,675
1704282807-0003-R.jpg,2592,1944,parasite,1,684,32,744
1704282807-0003-R.jpg,2592,1944,parasite,140,1641,142,1642
1704282807-0003-R.jpg,2592,1944,parasite,143,1630,219,1690
1704282807-0003-R.jpg,2592,1944,parasite,277,525,336,582
1704282807-0003-R.jpg,2592,1944,parasite,340,545,342,546
1704282807-0003-R.jpg,2592,1944,parasite,341,532,381,572
1704282807-0003-R.jpg,2592,1944,parasite,342,576,365,613
1704282807-0003-R.jpg,2592,1944,parasite,355,1334,395,1376
1704282807-0003-R.jpg,2592,1944,parasite,394,917,467,983
1704282807-0003-R.jpg,2592,1944,parasite,395,1830,445,1904
1704282807-0003-R.jpg,2592,1944,parasite,714,976,739,1014
1704282807-0003-R.jpg,2592,1944,parasite,1014,569,1072,628
1704282807-0003-R.jpg,2592,1944,parasite,1030,1105,1113,1148
1704282807-0003-R.jpg,2592,1944,parasite,1147,1899,1206,1944
1704282807-0003-R.jpg,2592,1944,parasite,1271,1359,1332,1431
1704282807-0003-R.jpg,2592,1944,parasite,1331,1399,1333,1400
1704282807-0003-R.jpg,2592,1944,parasite,1620,289,1622,290
1704282807-0003-R.jpg,2592,1944,parasite,1621,266,1677,335
1704282807-0003-R.jpg,2592,1944,parasite,1747,145,1813,197
1704282807-0003-R.jpg,2592,1944,parasite,1756,183,1758,184
1704282807-0003-R.jpg,2592,1944,parasite,1798,1043,1827,1068
1704282807-0003-R.jpg,2592,1944,parasite,1870,1799,1939,1850
1704282807-0003-R.jpg,2592,1944,parasite,2155,537,2216,595
1704282807-0003-R.jpg,2592,1944,parasite,2211,591,2213,592
1704282807-0003-R.jpg,2592,1944,parasite,2401,539,2487,626
1704282807-0004-R_T.jpg,2592,1944,parasite,194,1867,255,1925
1704282807-0004-R_T.jpg,2592,1944,parasite,498,887,578,946
1704282807-0004-R_T.jpg,2592,1944,parasite,579,913,581,914
1704282807-0004-R_T.jpg,2592,1944,parasite,733,642,781,712
1704282807-0004-R_T.jpg,2592,1944,parasite,839,1749,899,1816
1704282807-0004-R_T.jpg,2592,1944,parasite,1042,514,1112,578
1704282807-0004-R_T.jpg,2592,1944,parasite,1113,865,1166,926
1704282807-0004-R_T.jpg,2592,1944,parasite,1242,1872,1296,1944
1704282807-0004-R_T.jpg,2592,1944,parasite,1364,469,1445,521
1704282807-0004-R_T.jpg,2592,1944,parasite,1757,385,1818,462
1704282807-0004-R_T.jpg,2592,1944,parasite,1794,1805,1882,1914
1704282807-0004-R_T.jpg,2592,1944,parasite,1914,146,2001,211
1704282807-0004-R_T.jpg,2592,1944,parasite,2500,369,2567,432
1704282807-0004-R_T.jpg,2592,1944,parasite,2508,415,2510,416
1704282807-0004-R_T.jpg,2592,1944,parasite,2537,693,2592,755
1704282807-0005-R.jpg,2592,1944,parasite,60,449,62,450
1704282807-0005-R.jpg,2592,1944,parasite,61,431,110,493
1704282807-0005-R.jpg,2592,1944,parasite,65,448,66,450
1704282807-0005-R.jpg,2592,1944,parasite,441,863,503,931
1704282807-0005-R.jpg,2592,1944,parasite,513,1847,561,1924
1704282807-0005-R.jpg,2592,1944,parasite,613,1589,693,1657
1704282807-0005-R.jpg,2592,1944,parasite,621,1094,699,1160
1704282807-0005-R.jpg,2592,1944,parasite,672,559,735,623
1704282807-0005-R.jpg,2592,1944,parasite,834,313,895,371
1704282807-0005-R.jpg,2592,1944,parasite,895,212,956,274
1704282807-0005-R.jpg,2592,1944,parasite,956,49,958,50
1704282807-0005-R.jpg,2592,1944,parasite,958,33,1026,95
1704282807-0005-R.jpg,2592,1944,parasite,1043,302,1103,362
1704282807-0005-R.jpg,2592,1944,parasite,1281,1541,1339,1616
1704282807-0005-R.jpg,2592,1944,parasite,1416,1339,1504,1407
1704282807-0005-R.jpg,2592,1944,parasite,1577,211,1641,269
1704282807-0005-R.jpg,2592,1944,parasite,1732,129,1734,130
1704282807-0005-R.jpg,2592,1944,parasite,1735,115,1787,178
1704282807-0005-R.jpg,2592,1944,parasite,2078,1716,2153,1784
1704282807-0005-R.jpg,2592,1944,parasite,2114,579,2170,632
1704282807-0005-R.jpg,2592,1944,parasite,2184,307,2263,363
1704282807-0005-R.jpg,2592,1944,parasite,2447,1,2495,23
1704282807-0005-R.jpg,2592,1944,parasite,2485,401,2555,451
1704282807-0006-R.jpg,2592,1944,parasite,1,1660,29,1713
1704282807-0006-R.jpg,2592,1944,parasite,276,126,337,193
1704282807-0006-R.jpg,2592,1944,parasite,316,1150,375,1208
1704282807-0006-R.jpg,2592,1944,parasite,324,1793,326,1794
1704282807-0006-R.jpg,2592,1944,parasite,327,1772,396,1829
1704282807-0006-R.jpg,2592,1944,parasite,830,1,878,17
1704282807-0006-R.jpg,2592,1944,parasite,974,245,1047,299
1704282807-0006-R.jpg,2592,1944,parasite,993,508,1052,567
1704282807-0006-R.jpg,2592,1944,parasite,1071,1577,1135,1639
1704282807-0006-R.jpg,2592,1944,parasite,1076,1585,1078,1586
1704282807-0006-R.jpg,2592,1944,parasite,1084,725,1144,806
1704282807-0006-R.jpg,2592,1944,parasite,1121,828,1174,895
1704282807-0006-R.jpg,2592,1944,parasite,1145,825,1146,827
1704282807-0006-R.jpg,2592,1944,parasite,1170,718,1252,784
1704282807-0006-R.jpg,2592,1944,parasite,1246,520,1303,588
1704282807-0006-R.jpg,2592,1944,parasite,1257,914,1323,976
1704282807-0006-R.jpg,2592,1944,parasite,1361,1353,1414,1410
1704282807-0006-R.jpg,2592,1944,parasite,1362,1046,1426,1107
1704282807-0006-R.jpg,2592,1944,parasite,1428,1075,1478,1145
1704282807-0006-R.jpg,2592,1944,parasite,1567,299,1635,360
1704282807-0006-R.jpg,2592,1944,parasite,2361,467,2420,528
1704282807-0007-R.jpg,2592,1944,parasite,1,843,46,892
1704282807-0007-R.jpg,2592,1944,parasite,254,927,311,988
1704282807-0007-R.jpg,2592,1944,parasite,274,245,361,370
1704282807-0007-R.jpg,2592,1944,parasite,320,1430,377,1480
1704282807-0007-R.jpg,2592,1944,parasite,449,909,499,963
1704282807-0007-R.jpg,2592,1944,parasite,685,1261,758,1329
1704282807-0007-R.jpg,2592,1944,parasite,900,71,966,154
1704282807-0007-R.jpg,2592,1944,parasite,961,1177,1028,1245
1704282807-0007-R.jpg,2592,1944,parasite,1372,207,1430,268
1704282807-0007-R.jpg,2592,1944,parasite,1409,1809,1488,1885
1704282807-0007-R.jpg,2592,1944,parasite,1563,1061,1636,1134
1704282807-0007-R.jpg,2592,1944,parasite,1608,1134,1610,1136
1704282807-0007-R.jpg,2592,1944,parasite,1622,466,1689,530
1704282807-0007-R.jpg,2592,1944,parasite,1937,619,1983,673
1704282807-0007-R.jpg,2592,1944,parasite,1949,409,2012,467
1704282807-0007-R.jpg,2592,1944,parasite,2290,710,2366,780
1704282807-0007-R.jpg,2592,1944,parasite,2474,502,2548,568
1704282807-0007-R.jpg,2592,1944,parasite,2520,567,2522,568
1704282807-0007-R.jpg,2592,1944,parasite,2546,276,2592,323
1704282807-0008-R.jpg,2592,1944,parasite,1,1611,20,1659
1704282807-0008-R.jpg,2592,1944,parasite,19,1625,21,1626
1704282807-0008-R.jpg,2592,1944,parasite,198,1619,246,1668
1704282807-0008-R.jpg,2592,1944,parasite,345,368,411,439
1704282807-0008-R.jpg,2592,1944,parasite,433,1281,498,1343
1704282807-0008-R.jpg,2592,1944,parasite,453,690,508,744
1704282807-0008-R.jpg,2592,1944,parasite,477,1,519,25
1704282807-0008-R.jpg,2592,1944,parasite,492,1026,560,1090
1704282807-0008-R.jpg,2592,1944,parasite,684,1097,686,1098
1704282807-0008-R.jpg,2592,1944,parasite,687,1073,754,1142
1704282807-0008-R.jpg,2592,1944,parasite,749,857,809,913
1704282807-0008-R.jpg,2592,1944,parasite,908,1425,910,1426
1704282807-0008-R.jpg,2592,1944,parasite,911,1393,966,1451
1704282807-0008-R.jpg,2592,1944,parasite,986,986,1045,1075
1704282807-0008-R.jpg,2592,1944,parasite,1235,1315,1286,1370
1704282807-0008-R.jpg,2592,1944,parasite,1299,1001,1374,1103
1704282807-0008-R.jpg,2592,1944,parasite,1371,1087,1373,1088
1704282807-0008-R.jpg,2592,1944,parasite,1505,1292,1572,1360
1704282807-0008-R.jpg,2592,1944,parasite,1874,1842,1875,1844
1704282807-0008-R.jpg,2592,1944,parasite,1877,1804,1940,1863
1704282807-0008-R.jpg,2592,1944,parasite,1939,1847,1941,1848
1704282807-0008-R.jpg,2592,1944,parasite,2171,87,2235,152
1704282807-0008-R.jpg,2592,1944,parasite,2235,135,2237,136
1704282807-0008-R.jpg,2592,1944,parasite,2298,1873,2348,1928
1704282807-0008-R.jpg,2592,1944,parasite,2407,1003,2464,1063
1704282807-0008-R.jpg,2592,1944,parasite,2511,1571,2563,1620
1704282807-0008-R.jpg,2592,1944,parasite,2559,1614,2561,1616
1704282807-0009-R.jpg,2592,1944,parasite,75,460,136,516
1704282807-0009-R.jpg,2592,1944,parasite,336,1298,399,1348
1704282807-0009-R.jpg,2592,1944,parasite,1148,1679,1150,1680
1704282807-0009-R.jpg,2592,1944,parasite,1151,1646,1200,1695
1704282807-0009-R.jpg,2592,1944,parasite,1209,151,1263,206
1704282807-0009-R.jpg,2592,1944,parasite,1225,148,1227,150
1704282807-0009-R.jpg,2592,1944,parasite,1325,1249,1396,1308
1704282807-0009-R.jpg,2592,1944,parasite,1653,583,1701,643
1704282807-0009-R.jpg,2592,1944,parasite,1706,280,1766,344
1704282807-0009-R.jpg,2592,1944,parasite,1796,977,1798,978
1704282807-0009-R.jpg,2592,1944,parasite,1797,956,1857,1023
1704282807-0009-R.jpg,2592,1944,parasite,1975,1478,2034,1535
1704282807-0009-R.jpg,2592,1944,parasite,2100,1713,2102,1714
1704282807-0009-R.jpg,2592,1944,parasite,2103,1704,2167,1760
1704282807-0009-R.jpg,2592,1944,parasite,2338,1906,2398,1944
1704282807-0009-R.jpg,2592,1944,parasite,2418,1857,2470,1912
1704282807-0009-R.jpg,2592,1944,parasite,2494,105,2543,162
1704282807-0010-R.jpg,2592,1944,parasite,99,1842,190,1894
1704282807-0010-R.jpg,2592,1944,parasite,329,1731,395,1802
1704282807-0010-R.jpg,2592,1944,parasite,564,1375,566,1376
1704282807-0010-R.jpg,2592,1944,parasite,565,1307,688,1403
1704282807-0010-R.jpg,2592,1944,parasite,647,1329,649,1331
1704282807-0010-R.jpg,2592,1944,parasite,651,670,736,739
1704282807-0010-R.jpg,2592,1944,parasite,716,201,718,202
1704282807-0010-R.jpg,2592,1944,parasite,719,165,795,235
1704282807-0010-R.jpg,2592,1944,parasite,747,1342,824,1444
1704282807-0010-R.jpg,2592,1944,parasite,756,451,849,506
1704282807-0010-R.jpg,2592,1944,parasite,764,1367,766,1368
1704282807-0010-R.jpg,2592,1944,parasite,923,34,995,110
1704282807-0010-R.jpg,2592,1944,parasite,1091,533,1165,589
1704282807-0010-R.jpg,2592,1944,parasite,1658,481,1721,554
1704282807-0010-R.jpg,2592,1944,parasite,1809,1,1872,55
1704282807-0010-R.jpg,2592,1944,parasite,1940,1201,1942,1202
1704282807-0010-R.jpg,2592,1944,parasite,1940,1183,2005,1245
1704282807-0010-R.jpg,2592,1944,parasite,2133,1569,2186,1619
1704282807-0010-R.jpg,2592,1944,parasite,2300,247,2302,248
1704282807-0010-R.jpg,2592,1944,parasite,2303,194,2370,264
1704282807-0010-R.jpg,2592,1944,parasite,2577,602,2592,653
1704282807-0011-R_T.jpg,2592,1944,parasite,269,371,341,437
1704282807-0011-R_T.jpg,2592,1944,parasite,275,711,345,773
1704282807-0011-R_T.jpg,2592,1944,parasite,286,18,371,83
1704282807-0011-R_T.jpg,2592,1944,parasite,373,1039,434,1089
1704282807-0011-R_T.jpg,2592,1944,parasite,460,1823,508,1883
1704282807-0011-R_T.jpg,2592,1944,parasite,500,1641,577,1706
1704282807-0011-R_T.jpg,2592,1944,parasite,605,1821,660,1880
1704282807-0011-R_T.jpg,2592,1944,parasite,872,926,930,980
1704282807-0011-R_T.jpg,2592,1944,parasite,901,1130,960,1202
1704282807-0011-R_T.jpg,2592,1944,parasite,931,967,933,968
1704282807-0011-R_T.jpg,2592,1944,parasite,1140,1237,1203,1312
1704282807-0011-R_T.jpg,2592,1944,parasite,1158,1470,1237,1539
1704282807-0011-R_T.jpg,2592,1944,parasite,1316,1233,1318,1234
1704282807-0011-R_T.jpg,2592,1944,parasite,1316,1212,1376,1275
1704282807-0011-R_T.jpg,2592,1944,parasite,1414,723,1476,792
1704282807-0011-R_T.jpg,2592,1944,parasite,1522,1207,1564,1270
1704282807-0011-R_T.jpg,2592,1944,parasite,1590,1200,1638,1253
1704282807-0011-R_T.jpg,2592,1944,parasite,1596,1065,1598,1066
1704282807-0011-R_T.jpg,2592,1944,parasite,1599,1057,1653,1106
1704282807-0011-R_T.jpg,2592,1944,parasite,1861,1,1924,47
1704282807-0012-R_T.jpg,2592,1944,parasite,4,413,61,467
1704282807-0012-R_T.jpg,2592,1944,parasite,69,1472,124,1519
1704282807-0012-R_T.jpg,2592,1944,parasite,238,647,302,704
1704282807-0012-R_T.jpg,2592,1944,parasite,286,75,355,128
1704282807-0012-R_T.jpg,2592,1944,parasite,508,1825,584,1903
1704282807-0012-R_T.jpg,2592,1944,parasite,577,1921,634,1944
1704282807-0012-R_T.jpg,2592,1944,parasite,642,897,676,936
1704282807-0012-R_T.jpg,2592,1944,parasite,686,877,735,936
1704282807-0012-R_T.jpg,2592,1944,parasite,773,1062,831,1123
1704282807-0012-R_T.jpg,2592,1944,parasite,808,1881,868,1943
1704282807-0012-R_T.jpg,2592,1944,parasite,888,1514,949,1577
1704282807-0012-R_T.jpg,2592,1944,parasite,968,1185,1035,1239
1704282807-0012-R_T.jpg,2592,1944,parasite,987,109,1060,179
1704282807-0012-R_T.jpg,2592,1944,parasite,987,1432,1057,1503
1704282807-0012-R_T.jpg,2592,1944,parasite,1017,1707,1062,1775
1704282807-0012-R_T.jpg,2592,1944,parasite,1080,276,1135,335
1704282807-0012-R_T.jpg,2592,1944,parasite,1297,731,1358,788
1704282807-0012-R_T.jpg,2592,1944,parasite,1452,706,1573,804
1704282807-0012-R_T.jpg,2592,1944,parasite,1526,1288,1589,1334
1704282807-0012-R_T.jpg,2592,1944,parasite,1565,1471,1632,1536
1704282807-0012-R_T.jpg,2592,1944,parasite,1761,1496,1818,1544
1704282807-0012-R_T.jpg,2592,1944,parasite,1796,1191,1853,1243
1704282807-0012-R_T.jpg,2592,1944,parasite,1964,24,2020,71
1704282807-0012-R_T.jpg,2592,1944,parasite,1988,737,1990,738
1704282807-0012-R_T.jpg,2592,1944,parasite,1991,734,2024,766
1704282807-0012-R_T.jpg,2592,1944,parasite,2061,658,2124,723
1704282807-0012-R_T.jpg,2592,1944,parasite,2116,1729,2179,1800
1704282807-0012-R_T.jpg,2592,1944,parasite,2158,100,2245,162
1704282807-0012-R_T.jpg,2592,1944,parasite,2225,1305,2261,1342
1704282807-0013-R_T.jpg,2592,1944,parasite,1,1385,48,1460
1704282807-0013-R_T.jpg,2592,1944,parasite,45,1136,109,1194
1704282807-0013-R_T.jpg,2592,1944,parasite,752,1695,830,1754
1704282807-0013-R_T.jpg,2592,1944,parasite,1006,807,1069,859
1704282807-0013-R_T.jpg,2592,1944,parasite,1123,1776,1185,1843
1704282807-0013-R_T.jpg,2592,1944,parasite,1124,1823,1126,1824
1704282807-0013-R_T.jpg,2592,1944,parasite,1315,762,1426,866
1704282807-0013-R_T.jpg,2592,1944,parasite,1341,1924,1385,1944
1704282807-0013-R_T.jpg,2592,1944,parasite,1351,1921,1352,1923
1704282807-0013-R_T.jpg,2592,1944,parasite,1371,403,1423,453
1704282807-0013-R_T.jpg,2592,1944,parasite,1372,401,1374,402
1704282807-0013-R_T.jpg,2592,1944,parasite,1385,1001,1435,1052
1704282807-0013-R_T.jpg,2592,1944,parasite,1427,801,1429,802
1704282807-0013-R_T.jpg,2592,1944,parasite,1475,742,1517,784
1704282807-0013-R_T.jpg,2592,1944,parasite,1552,1642,1620,1719
1704282807-0013-R_T.jpg,2592,1944,parasite,1564,1703,1566,1704
1704282807-0013-R_T.jpg,2592,1944,parasite,1740,329,1803,380
1704282807-0013-R_T.jpg,2592,1944,parasite,1876,1571,1963,1672
1704282807-0013-R_T.jpg,2592,1944,parasite,1887,1571,1889,1573
1704282807-0013-R_T.jpg,2592,1944,parasite,1907,414,1964,475
1704282807-0013-R_T.jpg,2592,1944,parasite,1958,241,2001,286
1704282807-0013-R_T.jpg,2592,1944,parasite,1963,455,1965,456
1704282807-0013-R_T.jpg,2592,1944,parasite,2052,1,2105,49
1704282807-0013-R_T.jpg,2592,1944,parasite,2171,550,2234,597
1704282807-0013-R_T.jpg,2592,1944,parasite,2206,89,2272,164
1704282807-0013-R_T.jpg,2592,1944,parasite,2222,1339,2282,1420
1704282807-0013-R_T.jpg,2592,1944,parasite,2283,1391,2285,1392
1704282807-0013-R_T.jpg,2592,1944,parasite,2326,274,2386,346
1704282807-0013-R_T.jpg,2592,1944,parasite,2337,545,2411,608
1704282807-0013-R_T.jpg,2592,1944,parasite,2342,1180,2407,1240
1704282807-0013-R_T.jpg,2592,1944,parasite,2387,319,2389,320
1704282807-0013-R_T.jpg,2592,1944,parasite,2404,700,2440,756
1704282807-0013-R_T.jpg,2592,1944,parasite,2411,1621,2510,1711
1704282807-0013-R_T.jpg,2592,1944,parasite,2460,706,2520,764
1704282807-0014-R.jpg,2592,1944,parasite,47,214,123,288
1704282807-0014-R.jpg,2592,1944,parasite,82,1253,143,1316
1704282807-0014-R.jpg,2592,1944,parasite,105,1526,174,1586
1704282807-0014-R.jpg,2592,1944,parasite,265,1768,332,1817
1704282807-0014-R.jpg,2592,1944,parasite,331,1696,384,1765
1704282807-0014-R.jpg,2592,1944,parasite,331,1807,333,1808
1704282807-0014-R.jpg,2592,1944,parasite,401,265,488,353
1704282807-0014-R.jpg,2592,1944,parasite,415,1366,484,1443
1704282807-0014-R.jpg,2592,1944,parasite,486,1407,488,1410
1704282807-0014-R.jpg,2592,1944,parasite,546,1651,595,1716
1704282807-0014-R.jpg,2592,1944,parasite,795,1832,867,1907
1704282807-0014-R.jpg,2592,1944,parasite,830,1041,879,1098
1704282807-0014-R.jpg,2592,1944,parasite,870,1561,932,1613
1704282807-0014-R.jpg,2592,1944,parasite,940,654,986,709
1704282807-0014-R.jpg,2592,1944,parasite,960,1475,1020,1528
1704282807-0014-R.jpg,2592,1944,parasite,1065,292,1135,363
1704282807-0014-R.jpg,2592,1944,parasite,1115,1894,1174,1944
1704282807-0014-R.jpg,2592,1944,parasite,1665,831,1726,898
1704282807-0014-R.jpg,2592,1944,parasite,1673,1838,1728,1904
1704282807-0014-R.jpg,2592,1944,parasite,1988,885,2059,949
1704282807-0014-R.jpg,2592,1944,parasite,2062,1827,2122,1894
1704282807-0014-R.jpg,2592,1944,parasite,2317,267,2370,320
1704282807-0014-R.jpg,2592,1944,parasite,2470,537,2528,600
1704282807-0014-R.jpg,2592,1944,parasite,2549,176,2589,211
1704282807-0014-R.jpg,2592,1944,parasite,2557,523,2589,560
1704282807-0015-R.jpg,2592,1944,parasite,130,13,201,98
1704282807-0015-R.jpg,2592,1944,parasite,187,1881,242,1933
1704282807-0015-R.jpg,2592,1944,parasite,221,777,296,839
1704282807-0015-R.jpg,2592,1944,parasite,243,1927,245,1928
1704282807-0015-R.jpg,2592,1944,parasite,248,379,319,455
1704282807-0015-R.jpg,2592,1944,parasite,318,1522,384,1592
1704282807-0015-R.jpg,2592,1944,parasite,670,671,732,727
1704282807-0015-R.jpg,2592,1944,parasite,737,779,815,836
1704282807-0015-R.jpg,2592,1944,parasite,785,1017,836,1074
1704282807-0015-R.jpg,2592,1944,parasite,1036,636,1098,686
1704282807-0015-R.jpg,2592,1944,parasite,1089,250,1152,330
1704282807-0015-R.jpg,2592,1944,parasite,1099,679,1101,680
1704282807-0015-R.jpg,2592,1944,parasite,1298,431,1349,482
1704282807-0015-R.jpg,2592,1944,parasite,1566,1498,1621,1548
1704282807-0015-R.jpg,2592,1944,parasite,1613,870,1650,915
1704282807-0015-R.jpg,2592,1944,parasite,1619,1543,1621,1544
1704282807-0015-R.jpg,2592,1944,parasite,1723,1763,1778,1828
1704282807-0015-R.jpg,2592,1944,parasite,1752,961,1850,1068
1704282807-0015-R.jpg,2592,1944,parasite,1779,1777,1781,1778
1704282807-0015-R.jpg,2592,1944,parasite,1801,1412,1840,1445
1704282807-0015-R.jpg,2592,1944,parasite,1804,1745,1842,1789
1704282807-0015-R.jpg,2592,1944,parasite,1996,602,2056,656
1704282807-0015-R.jpg,2592,1944,parasite,2078,517,2143,598
1704282807-0015-R.jpg,2592,1944,parasite,2149,1,2213,32
1704282807-0015-R.jpg,2592,1944,parasite,2330,20,2352,44
1704282807-0016-R.jpg,2592,1944,parasite,63,1269,127,1325
1704282807-0016-R.jpg,2592,1944,parasite,256,466,316,520
1704282807-0016-R.jpg,2592,1944,parasite,384,1001,438,1061
1704282807-0016-R.jpg,2592,1944,parasite,407,1157,457,1215
1704282807-0016-R.jpg,2592,1944,parasite,416,220,464,274
1704282807-0016-R.jpg,2592,1944,parasite,572,1135,574,1136
1704282807-0016-R.jpg,2592,1944,parasite,575,1097,634,1149
1704282807-0016-R.jpg,2592,1944,parasite,635,1113,637,1114
1704282807-0016-R.jpg,2592,1944,parasite,638,619,694,676
1704282807-0016-R.jpg,2592,1944,parasite,769,1197,827,1244
1704282807-0016-R.jpg,2592,1944,parasite,804,425,806,426
1704282807-0016-R.jpg,2592,1944,parasite,805,414,867,468
1704282807-0016-R.jpg,2592,1944,parasite,867,455,869,456
1704282807-0016-R.jpg,2592,1944,parasite,891,614,913,637
1704282807-0016-R.jpg,2592,1944,parasite,1048,1402,1115,1467
1704282807-0016-R.jpg,2592,1944,parasite,1253,818,1295,859
1704282807-0016-R.jpg,2592,1944,parasite,1378,1584,1434,1635
1704282807-0016-R.jpg,2592,1944,parasite,1415,574,1467,624
1704282807-0016-R.jpg,2592,1944,parasite,1423,1630,1425,1632
1704282807-0016-R.jpg,2592,1944,parasite,1435,1593,1437,1594
1704282807-0016-R.jpg,2592,1944,parasite,1654,1928,1706,1944
1704282807-0016-R.jpg,2592,1944,parasite,1657,331,1692,363
1704282807-0016-R.jpg,2592,1944,parasite,1707,1937,1709,1938
1704282807-0016-R.jpg,2592,1944,parasite,1721,357,1788,432
1704282807-0016-R.jpg,2592,1944,parasite,1781,1,1846,51
1704282807-0016-R.jpg,2592,1944,parasite,1865,84,1957,171
1704282807-0016-R.jpg,2592,1944,parasite,2046,1663,2105,1723
1704282807-0016-R.jpg,2592,1944,parasite,2061,213,2124,252
1704282807-0016-R.jpg,2592,1944,parasite,2136,521,2191,578
1704282807-0016-R.jpg,2592,1944,parasite,2198,742,2225,776
1704282807-0016-R.jpg,2592,1944,parasite,2218,757,2248,791
1704282807-0016-R.jpg,2592,1944,parasite,2278,1273,2327,1344
1704282807-0016-R.jpg,2592,1944,parasite,2308,906,2379,973
1704282807-0016-R.jpg,2592,1944,parasite,2338,1017,2394,1092
1704282807-0016-R.jpg,2592,1944,parasite,2366,1848,2420,1904
1704282807-0016-R.jpg,2592,1944,parasite,2369,1856,2370,1858
1704282807-0016-R.jpg,2592,1944,parasite,2395,1049,2397,1050
1704282807-0016-R.jpg,2592,1944,parasite,2419,1895,2421,1896
1704282807-0016-R.jpg,2592,1944,parasite,2493,1857,2549,1908
1704282807-0016-R.jpg,2592,1944,parasite,2501,418,2560,464
1704282807-0016-R.jpg,2592,1944,parasite,2504,1411,2556,1472
1704282807-0016-R.jpg,2592,1944,parasite,2547,1903,2549,1904
1704282807-0016-R.jpg,2592,1944,parasite,2550,1510,2592,1594
1704282807-0016-R.jpg,2592,1944,parasite,2555,1447,2557,1448
1704282807-0017-R.jpg,2592,1944,parasite,266,1240,331,1285
1704282807-0017-R.jpg,2592,1944,parasite,289,275,363,357
1704282807-0017-R.jpg,2592,1944,parasite,300,1830,370,1894
1704282807-0017-R.jpg,2592,1944,parasite,359,1887,360,1889
1704282807-0017-R.jpg,2592,1944,parasite,371,1841,373,1842
1704282807-0017-R.jpg,2592,1944,parasite,374,110,428,167
1704282807-0017-R.jpg,2592,1944,parasite,444,1557,498,1613
1704282807-0017-R.jpg,2592,1944,parasite,568,1915,624,1944
1704282807-0017-R.jpg,2592,1944,parasite,614,288,677,348
1704282807-0017-R.jpg,2592,1944,parasite,660,1161,705,1223
1704282807-0017-R.jpg,2592,1944,parasite,683,557,740,616
1704282807-0017-R.jpg,2592,1944,parasite,696,561,698,562
1704282807-0017-R.jpg,2592,1944,parasite,698,1281,771,1352
1704282807-0017-R.jpg,2592,1944,parasite,700,885,767,956
1704282807-0017-R.jpg,2592,1944,parasite,753,288,809,344
1704282807-0017-R.jpg,2592,1944,parasite,786,1759,839,1831
1704282807-0017-R.jpg,2592,1944,parasite,1041,489,1099,550
1704282807-0017-R.jpg,2592,1944,parasite,1062,1191,1133,1264
1704282807-0017-R.jpg,2592,1944,parasite,1068,838,1133,920
1704282807-0017-R.jpg,2592,1944,parasite,1109,212,1159,272
1704282807-0017-R.jpg,2592,1944,parasite,1172,1295,1174,1296
1704282807-0017-R.jpg,2592,1944,parasite,1175,1227,1240,1310
1704282807-0017-R.jpg,2592,1944,parasite,1252,466,1312,530
1704282807-0017-R.jpg,2592,1944,parasite,1298,1213,1368,1286
1704282807-0017-R.jpg,2592,1944,parasite,1361,1,1443,64
1704282807-0017-R.jpg,2592,1944,parasite,1422,181,1492,248
1704282807-0017-R.jpg,2592,1944,parasite,1457,1600,1458,1602
1704282807-0017-R.jpg,2592,1944,parasite,1459,1593,1525,1656
1704282807-0017-R.jpg,2592,1944,parasite,1492,753,1494,754
1704282807-0017-R.jpg,2592,1944,parasite,1493,743,1546,825
1704282807-0017-R.jpg,2592,1944,parasite,1598,922,1675,974
1704282807-0017-R.jpg,2592,1944,parasite,1750,80,1797,132
1704282807-0017-R.jpg,2592,1944,parasite,1767,1728,1837,1792
1704282807-0017-R.jpg,2592,1944,parasite,1889,1240,1961,1311
1704282807-0017-R.jpg,2592,1944,parasite,2118,642,2184,708
1704282807-0017-R.jpg,2592,1944,parasite,2126,13,2178,88
1704282807-0017-R.jpg,2592,1944,parasite,2129,25,2130,27
1704282807-0017-R.jpg,2592,1944,parasite,2255,1683,2322,1770
1704282807-0017-R.jpg,2592,1944,parasite,2404,1623,2453,1695
1704282807-0017-R.jpg,2592,1944,parasite,2413,1811,2478,1881
1704282807-0017-R.jpg,2592,1944,parasite,2491,1456,2558,1529
1704282807-0017-R.jpg,2592,1944,parasite,2555,1519,2557,1520
1704282807-0018-R.jpg,2592,1944,parasite,1,426,56,484
1704282807-0018-R.jpg,2592,1944,parasite,1,1155,19,1208
1704282807-0018-R.jpg,2592,1944,parasite,180,1,220,14
1704282807-0018-R.jpg,2592,1944,parasite,217,1281,348,1400
1704282807-0018-R.jpg,2592,1944,parasite,314,1814,367,1875
1704282807-0018-R.jpg,2592,1944,parasite,344,656,438,746
1704282807-0018-R.jpg,2592,1944,parasite,353,1494,394,1543
1704282807-0018-R.jpg,2592,1944,parasite,372,1897,413,1944
1704282807-0018-R.jpg,2592,1944,parasite,432,87,513,150
1704282807-0018-R.jpg,2592,1944,parasite,481,1,569,24
1704282807-0018-R.jpg,2592,1944,parasite,859,1318,935,1374
1704282807-0018-R.jpg,2592,1944,parasite,872,1002,942,1080
1704282807-0018-R.jpg,2592,1944,parasite,1180,1471,1252,1548
1704282807-0018-R.jpg,2592,1944,parasite,1384,181,1440,231
1704282807-0018-R.jpg,2592,1944,parasite,1533,340,1603,393
1704282807-0018-R.jpg,2592,1944,parasite,1675,1719,1747,1798
1704282807-0018-R.jpg,2592,1944,parasite,1930,1,1987,64
1704282807-0018-R.jpg,2592,1944,parasite,1977,1716,2039,1799
1704282807-0018-R.jpg,2592,1944,parasite,1996,967,1998,968
1704282807-0018-R.jpg,2592,1944,parasite,1999,914,2060,976
1704282807-0018-R.jpg,2592,1944,parasite,2114,937,2176,992
1704282807-0018-R.jpg,2592,1944,parasite,2146,1715,2204,1781
1704282807-0018-R.jpg,2592,1944,parasite,2365,1148,2427,1209
1704282807-0018-R.jpg,2592,1944,parasite,2427,1175,2429,1176
1704282807-0018-R.jpg,2592,1944,parasite,2480,1733,2540,1798
1704282807-0019-R_T.jpg,2592,1944,parasite,1,1637,70,1687
1704282807-0019-R_T.jpg,2592,1944,parasite,36,1793,110,1860
1704282807-0019-R_T.jpg,2592,1944,parasite,146,256,199,325
1704282807-0019-R_T.jpg,2592,1944,parasite,191,265,193,267
1704282807-0019-R_T.jpg,2592,1944,parasite,295,1764,348,1816
1704282807-0019-R_T.jpg,2592,1944,parasite,397,705,438,748
1704282807-0019-R_T.jpg,2592,1944,parasite,474,9,533,60
1704282807-0019-R_T.jpg,2592,1944,parasite,495,60,497,62
1704282807-0019-R_T.jpg,2592,1944,parasite,588,532,644,594
1704282807-0019-R_T.jpg,2592,1944,parasite,589,880,641,936
1704282807-0019-R_T.jpg,2592,1944,parasite,615,1550,681,1651
1704282807-0019-R_T.jpg,2592,1944,parasite,643,583,645,584
1704282807-0019-R_T.jpg,2592,1944,parasite,675,1553,677,1554
1704282807-0019-R_T.jpg,2592,1944,parasite,755,1147,832,1244
1704282807-0019-R_T.jpg,2592,1944,parasite,858,41,930,92
1704282807-0019-R_T.jpg,2592,1944,parasite,893,482,936,535
1704282807-0019-R_T.jpg,2592,1944,parasite,893,987,948,1038
1704282807-0019-R_T.jpg,2592,1944,parasite,931,79,933,80
1704282807-0019-R_T.jpg,2592,1944,parasite,948,865,950,866
1704282807-0019-R_T.jpg,2592,1944,parasite,948,895,950,896
1704282807-0019-R_T.jpg,2592,1944,parasite,951,841,1004,897
1704282807-0019-R_T.jpg,2592,1944,parasite,964,502,1032,565
1704282807-0019-R_T.jpg,2592,1944,parasite,1077,241,1147,307
1704282807-0019-R_T.jpg,2592,1944,parasite,1147,295,1149,296
1704282807-0019-R_T.jpg,2592,1944,parasite,1182,815,1329,964
1704282807-0019-R_T.jpg,2592,1944,parasite,1238,1570,1309,1650
1704282807-0019-R_T.jpg,2592,1944,parasite,1484,247,1486,248
1704282807-0019-R_T.jpg,2592,1944,parasite,1486,1510,1543,1574
1704282807-0019-R_T.jpg,2592,1944,parasite,1487,218,1543,252
1704282807-0019-R_T.jpg,2592,1944,parasite,1510,1034,1563,1082
1704282807-0019-R_T.jpg,2592,1944,parasite,1531,1513,1533,1514
1704282807-0019-R_T.jpg,2592,1944,parasite,1564,201,1566,202
1704282807-0019-R_T.jpg,2592,1944,parasite,1565,181,1632,254
1704282807-0019-R_T.jpg,2592,1944,parasite,1619,1821,1683,1879
1704282807-0019-R_T.jpg,2592,1944,parasite,1627,247,1629,248
1704282807-0019-R_T.jpg,2592,1944,parasite,1663,1324,1718,1362
1704282807-0019-R_T.jpg,2592,1944,parasite,1678,1796,1718,1868
1704282807-0019-R_T.jpg,2592,1944,parasite,1716,9,1718,10
1704282807-0019-R_T.jpg,2592,1944,parasite,1719,1,1784,48
1704282807-0019-R_T.jpg,2592,1944,parasite,1734,1113,1801,1170
1704282807-0019-R_T.jpg,2592,1944,parasite,1757,1201,1816,1249
1704282807-0019-R_T.jpg,2592,1944,parasite,1844,258,1903,314
1704282807-0019-R_T.jpg,2592,1944,parasite,2011,1247,2073,1304
1704282807-0019-R_T.jpg,2592,1944,parasite,2077,1189,2139,1262
1704282807-0019-R_T.jpg,2592,1944,parasite,2154,628,2209,691
1704282807-0019-R_T.jpg,2592,1944,parasite,2163,558,2227,611
1704282807-0019-R_T.jpg,2592,1944,parasite,2187,1057,2267,1134
1704282807-0019-R_T.jpg,2592,1944,parasite,2227,618,2282,677
1704282807-0019-R_T.jpg,2592,1944,parasite,2286,613,2359,684
1704282807-0019-R_T.jpg,2592,1944,parasite,2335,582,2398,648
1704282807-0019-R_T.jpg,2592,1944,parasite,2342,1173,2387,1228
1704282807-0019-R_T.jpg,2592,1944,parasite,2349,327,2404,367
1704282807-0019-R_T.jpg,2592,1944,parasite,2353,1227,2355,1229
1704282807-0019-R_T.jpg,2592,1944,parasite,2356,1538,2424,1598
1704282807-0019-R_T.jpg,2592,1944,parasite,2525,371,2569,415
1704282807-0020-R_T_S.jpg,2592,1944,parasite,50,489,111,560
1704282807-0020-R_T_S.jpg,2592,1944,parasite,78,399,159,474
1704282807-0020-R_T_S.jpg,2592,1944,parasite,390,87,440,163
1704282807-0020-R_T_S.jpg,2592,1944,parasite,449,72,521,165
1704282807-0020-R_T_S.jpg,2592,1944,parasite,540,1678,598,1733
1704282807-0020-R_T_S.jpg,2592,1944,parasite,702,785,770,909
1704282807-0020-R_T_S.jpg,2592,1944,parasite,771,801,773,802
1704282807-0020-R_T_S.jpg,2592,1944,parasite,901,936,967,1005
1704282807-0020-R_T_S.jpg,2592,1944,parasite,948,567,950,568
1704282807-0020-R_T_S.jpg,2592,1944,parasite,951,527,1041,599
1704282807-0020-R_T_S.jpg,2592,1944,parasite,1191,1019,1250,1071
1704282807-0020-R_T_S.jpg,2592,1944,parasite,1221,585,1317,700
1704282807-0020-R_T_S.jpg,2592,1944,parasite,1325,216,1390,292
1704282807-0020-R_T_S.jpg,2592,1944,parasite,1622,1170,1724,1251
1704282807-0020-R_T_S.jpg,2592,1944,parasite,1683,1070,1757,1145
1704282807-0020-R_T_S.jpg,2592,1944,parasite,1723,1193,1725,1194
1704282807-0020-R_T_S.jpg,2592,1944,parasite,1782,622,1869,683
1704282807-0020-R_T_S.jpg,2592,1944,parasite,1790,505,1844,594
1704282807-0020-R_T_S.jpg,2592,1944,parasite,1982,1798,2066,1865
1704282807-0020-R_T_S.jpg,2592,1944,parasite,2073,1908,2104,1944
1704282807-0020-R_T_S.jpg,2592,1944,parasite,2138,1841,2188,1939
1704282807-0020-R_T_S.jpg,2592,1944,parasite,2213,1823,2277,1904
1704282807-0021_R_T.jpg,2592,1944,parasite,1,346,54,415
1704282807-0021_R_T.jpg,2592,1944,parasite,558,927,629,993
1704282807-0021_R_T.jpg,2592,1944,parasite,606,103,678,198
1704282807-0021_R_T.jpg,2592,1944,parasite,754,706,828,758
1704282807-0021_R_T.jpg,2592,1944,parasite,913,1165,966,1224
1704282807-0021_R_T.jpg,2592,1944,parasite,1221,733,1302,926
1704282807-0021_R_T.jpg,2592,1944,parasite,1289,1182,1342,1244
1704282807-0021_R_T.jpg,2592,1944,parasite,1365,1573,1418,1635
1704282807-0021_R_T.jpg,2592,1944,parasite,1417,1543,1477,1600
1704282807-0021_R_T.jpg,2592,1944,parasite,1419,1615,1421,1616
1704282807-0021_R_T.jpg,2592,1944,parasite,1460,1232,1525,1292
1704282807-0021_R_T.jpg,2592,1944,parasite,1636,1185,1704,1257
1704282807-0021_R_T.jpg,2592,1944,parasite,1713,1649,1763,1711
1704282807-0021_R_T.jpg,2592,1944,parasite,1815,807,1891,868
1704282807-0021_R_T.jpg,2592,1944,parasite,1873,1090,1962,1199
1704282807-0021_R_T.jpg,2592,1944,parasite,2129,1231,2213,1301
1704282807-0021_R_T.jpg,2592,1944,parasite,2226,966,2278,1020
1704282807-0021_R_T.jpg,2592,1944,parasite,2256,921,2312,973
1704282807-0021_R_T.jpg,2592,1944,parasite,2393,1587,2465,1645
1704282807-0021_R_T.jpg,2592,1944,parasite,2530,1525,2592,1596
